iter,rollout_seconds,train_step_seconds
0,35.568547802977264,23.892404365353286
1,37.970613793469965,28.891947037540376
2,40.835758205503225,30.392419272102416
