py-spy> Sampling process 100 times a second for 1500 seconds. Press Control-C to exit.

2026-09-04 20:01:18,279 transformer_policy INFO TransformerPolicy device: cuda
2026-09-04 20:01:19,389 transformer_policy INFO inference bf16 autocast ON
2026-09-04 20:01:19,461 transformer_policy INFO Loaded checkpoint from training/checkpoints/seed.pt (decision_step=2809659)
2026-09-04 20:01:19,466 eval_sim INFO [pool] loaded seed.pt
2026-09-04 20:01:19,685 actor_pool INFO actor pool started: 19 actors, max_batch=16
py-spy> 1.03s behind in sampling, results may be inaccurate. Try reducing the sampling rate
py-spy> 1.06s behind in sampling, results may be inaccurate. Try reducing the sampling rate
py-spy> 1.64s behind in sampling, results may be inaccurate. Try reducing the sampling rate
py-spy> 1.82s behind in sampling, results may be inaccurate. Try reducing the sampling rate
py-spy> 2.04s behind in sampling, results may be inaccurate. Try reducing the sampling rate
py-spy> 2.13s behind in sampling, results may be inaccurate. Try reducing the sampling rate
py-spy> 2.39s behind in sampling, results may be inaccurate. Try reducing the sampling rate
py-spy> 2.49s behind in sampling, results may be inaccurate. Try reducing the sampling rate
py-spy> 2.72s behind in sampling, results may be inaccurate. Try reducing the sampling rate
py-spy> 2.98s behind in sampling, results may be inaccurate. Try reducing the sampling rate
py-spy> 3.21s behind in sampling, results may be inaccurate. Try reducing the sampling rate
py-spy> 3.44s behind in sampling, results may be inaccurate. Try reducing the sampling rate
py-spy> 3.42s behind in sampling, results may be inaccurate. Try reducing the sampling rate
py-spy> 3.48s behind in sampling, results may be inaccurate. Try reducing the sampling rate
py-spy> 3.53s behind in sampling, results may be inaccurate. Try reducing the sampling rate
py-spy> 3.83s behind in sampling, results may be inaccurate. Try reducing the sampling rate
py-spy> 3.99s behind in sampling, results may be inaccurate. Try reducing the sampling rate
py-spy> 4.14s behind in sampling, results may be inaccurate. Try reducing the sampling rate
py-spy> 4.45s behind in sampling, results may be inaccurate. Try reducing the sampling rate
py-spy> 4.65s behind in sampling, results may be inaccurate. Try reducing the sampling rate
py-spy> 5.00s behind in sampling, results may be inaccurate. Try reducing the sampling rate
py-spy> 5.25s behind in sampling, results may be inaccurate. Try reducing the sampling rate
py-spy> 5.46s behind in sampling, results may be inaccurate. Try reducing the sampling rate
py-spy> 5.61s behind in sampling, results may be inaccurate. Try reducing the sampling rate
py-spy> 5.79s behind in sampling, results may be inaccurate. Try reducing the sampling rate
py-spy> 5.86s behind in sampling, results may be inaccurate. Try reducing the sampling rate
py-spy> 6.11s behind in sampling, results may be inaccurate. Try reducing the sampling rate
py-spy> 6.24s behind in sampling, results may be inaccurate. Try reducing the sampling rate
py-spy> 6.27s behind in sampling, results may be inaccurate. Try reducing the sampling rate
py-spy> 6.45s behind in sampling, results may be inaccurate. Try reducing the sampling rate
py-spy> 6.76s behind in sampling, results may be inaccurate. Try reducing the sampling rate
py-spy> 7.00s behind in sampling, results may be inaccurate. Try reducing the sampling rate
py-spy> 7.16s behind in sampling, results may be inaccurate. Try reducing the sampling rate
py-spy> 7.45s behind in sampling, results may be inaccurate. Try reducing the sampling rate
py-spy> 7.67s behind in sampling, results may be inaccurate. Try reducing the sampling rate
py-spy> 7.79s behind in sampling, results may be inaccurate. Try reducing the sampling rate
py-spy> 8.00s behind in sampling, results may be inaccurate. Try reducing the sampling rate
py-spy> 8.10s behind in sampling, results may be inaccurate. Try reducing the sampling rate
py-spy> 8.24s behind in sampling, results may be inaccurate. Try reducing the sampling rate
py-spy> 8.44s behind in sampling, results may be inaccurate. Try reducing the sampling rate
py-spy> 8.63s behind in sampling, results may be inaccurate. Try reducing the sampling rate
py-spy> 8.90s behind in sampling, results may be inaccurate. Try reducing the sampling rate
py-spy> 9.11s behind in sampling, results may be inaccurate. Try reducing the sampling rate
py-spy> 9.38s behind in sampling, results may be inaccurate. Try reducing the sampling rate
py-spy> 9.57s behind in sampling, results may be inaccurate. Try reducing the sampling rate
py-spy> 9.76s behind in sampling, results may be inaccurate. Try reducing the sampling rate
py-spy> 10.03s behind in sampling, results may be inaccurate. Try reducing the sampling rate
py-spy> 10.29s behind in sampling, results may be inaccurate. Try reducing the sampling rate
py-spy> 10.49s behind in sampling, results may be inaccurate. Try reducing the sampling rate
py-spy> 10.66s behind in sampling, results may be inaccurate. Try reducing the sampling rate
py-spy> 10.94s behind in sampling, results may be inaccurate. Try reducing the sampling rate
py-spy> 11.15s behind in sampling, results may be inaccurate. Try reducing the sampling rate
py-spy> 11.35s behind in sampling, results may be inaccurate. Try reducing the sampling rate
py-spy> 11.57s behind in sampling, results may be inaccurate. Try reducing the sampling rate
py-spy> 11.70s behind in sampling, results may be inaccurate. Try reducing the sampling rate
py-spy> 11.83s behind in sampling, results may be inaccurate. Try reducing the sampling rate
py-spy> 12.05s behind in sampling, results may be inaccurate. Try reducing the sampling rate
py-spy> 12.32s behind in sampling, results may be inaccurate. Try reducing the sampling rate
py-spy> 12.30s behind in sampling, results may be inaccurate. Try reducing the sampling rate
py-spy> 12.55s behind in sampling, results may be inaccurate. Try reducing the sampling rate
py-spy> 12.58s behind in sampling, results may be inaccurate. Try reducing the sampling rate
py-spy> 12.87s behind in sampling, results may be inaccurate. Try reducing the sampling rate
py-spy> 13.09s behind in sampling, results may be inaccurate. Try reducing the sampling rate
py-spy> 13.20s behind in sampling, results may be inaccurate. Try reducing the sampling rate
py-spy> 13.35s behind in sampling, results may be inaccurate. Try reducing the sampling rate
py-spy> 13.59s behind in sampling, results may be inaccurate. Try reducing the sampling rate
py-spy> 13.92s behind in sampling, results may be inaccurate. Try reducing the sampling rate
py-spy> 14.11s behind in sampling, results may be inaccurate. Try reducing the sampling rate
py-spy> 14.32s behind in sampling, results may be inaccurate. Try reducing the sampling rate
py-spy> 14.47s behind in sampling, results may be inaccurate. Try reducing the sampling rate
py-spy> 14.70s behind in sampling, results may be inaccurate. Try reducing the sampling rate
py-spy> 14.90s behind in sampling, results may be inaccurate. Try reducing the sampling rate
py-spy> 15.02s behind in sampling, results may be inaccurate. Try reducing the sampling rate
py-spy> 15.06s behind in sampling, results may be inaccurate. Try reducing the sampling rate
py-spy> 15.18s behind in sampling, results may be inaccurate. Try reducing the sampling rate
py-spy> 15.41s behind in sampling, results may be inaccurate. Try reducing the sampling rate
py-spy> 15.54s behind in sampling, results may be inaccurate. Try reducing the sampling rate
py-spy> 15.77s behind in sampling, results may be inaccurate. Try reducing the sampling rate
py-spy> 15.93s behind in sampling, results may be inaccurate. Try reducing the sampling rate
py-spy> 16.11s behind in sampling, results may be inaccurate. Try reducing the sampling rate
py-spy> 16.30s behind in sampling, results may be inaccurate. Try reducing the sampling rate
py-spy> 16.42s behind in sampling, results may be inaccurate. Try reducing the sampling rate
py-spy> 16.56s behind in sampling, results may be inaccurate. Try reducing the sampling rate
py-spy> 16.75s behind in sampling, results may be inaccurate. Try reducing the sampling rate
py-spy> 16.77s behind in sampling, results may be inaccurate. Try reducing the sampling rate
py-spy> 16.89s behind in sampling, results may be inaccurate. Try reducing the sampling rate
py-spy> 17.05s behind in sampling, results may be inaccurate. Try reducing the sampling rate
py-spy> 17.20s behind in sampling, results may be inaccurate. Try reducing the sampling rate
py-spy> 17.45s behind in sampling, results may be inaccurate. Try reducing the sampling rate
py-spy> 17.58s behind in sampling, results may be inaccurate. Try reducing the sampling rate
py-spy> 17.85s behind in sampling, results may be inaccurate. Try reducing the sampling rate
py-spy> 18.17s behind in sampling, results may be inaccurate. Try reducing the sampling rate
py-spy> 18.48s behind in sampling, results may be inaccurate. Try reducing the sampling rate
py-spy> 18.78s behind in sampling, results may be inaccurate. Try reducing the sampling rate
py-spy> 18.87s behind in sampling, results may be inaccurate. Try reducing the sampling rate
py-spy> 19.16s behind in sampling, results may be inaccurate. Try reducing the sampling rate
py-spy> 19.41s behind in sampling, results may be inaccurate. Try reducing the sampling rate
py-spy> 19.58s behind in sampling, results may be inaccurate. Try reducing the sampling rate
py-spy> 19.81s behind in sampling, results may be inaccurate. Try reducing the sampling rate
py-spy> 19.88s behind in sampling, results may be inaccurate. Try reducing the sampling rate
py-spy> 20.06s behind in sampling, results may be inaccurate. Try reducing the sampling rate
py-spy> 20.29s behind in sampling, results may be inaccurate. Try reducing the sampling rate
py-spy> 20.57s behind in sampling, results may be inaccurate. Try reducing the sampling rate
py-spy> 20.90s behind in sampling, results may be inaccurate. Try reducing the sampling rate
py-spy> 21.13s behind in sampling, results may be inaccurate. Try reducing the sampling rate
py-spy> 21.28s behind in sampling, results may be inaccurate. Try reducing the sampling rate
py-spy> 21.57s behind in sampling, results may be inaccurate. Try reducing the sampling rate
py-spy> 21.86s behind in sampling, results may be inaccurate. Try reducing the sampling rate
py-spy> 22.06s behind in sampling, results may be inaccurate. Try reducing the sampling rate
py-spy> 22.09s behind in sampling, results may be inaccurate. Try reducing the sampling rate
py-spy> 22.10s behind in sampling, results may be inaccurate. Try reducing the sampling rate
py-spy> 22.36s behind in sampling, results may be inaccurate. Try reducing the sampling rate
py-spy> 22.55s behind in sampling, results may be inaccurate. Try reducing the sampling rate
py-spy> 22.76s behind in sampling, results may be inaccurate. Try reducing the sampling rate
py-spy> 23.01s behind in sampling, results may be inaccurate. Try reducing the sampling rate
py-spy> 23.31s behind in sampling, results may be inaccurate. Try reducing the sampling rate
py-spy> 23.51s behind in sampling, results may be inaccurate. Try reducing the sampling rate
py-spy> 23.56s behind in sampling, results may be inaccurate. Try reducing the sampling rate
py-spy> 23.68s behind in sampling, results may be inaccurate. Try reducing the sampling rate
py-spy> 23.97s behind in sampling, results may be inaccurate. Try reducing the sampling rate
py-spy> 24.24s behind in sampling, results may be inaccurate. Try reducing the sampling rate
py-spy> 24.28s behind in sampling, results may be inaccurate. Try reducing the sampling rate
py-spy> 24.47s behind in sampling, results may be inaccurate. Try reducing the sampling rate
py-spy> 24.73s behind in sampling, results may be inaccurate. Try reducing the sampling rate
py-spy> 24.90s behind in sampling, results may be inaccurate. Try reducing the sampling rate
py-spy> 25.18s behind in sampling, results may be inaccurate. Try reducing the sampling rate
py-spy> 25.36s behind in sampling, results may be inaccurate. Try reducing the sampling rate
py-spy> 25.52s behind in sampling, results may be inaccurate. Try reducing the sampling rate
py-spy> 25.80s behind in sampling, results may be inaccurate. Try reducing the sampling rate
py-spy> 25.81s behind in sampling, results may be inaccurate. Try reducing the sampling rate
py-spy> 25.94s behind in sampling, results may be inaccurate. Try reducing the sampling rate
py-spy> 26.26s behind in sampling, results may be inaccurate. Try reducing the sampling rate
py-spy> 26.45s behind in sampling, results may be inaccurate. Try reducing the sampling rate
py-spy> 26.50s behind in sampling, results may be inaccurate. Try reducing the sampling rate
py-spy> 26.44s behind in sampling, results may be inaccurate. Try reducing the sampling rate
py-spy> 26.63s behind in sampling, results may be inaccurate. Try reducing the sampling rate
py-spy> 26.89s behind in sampling, results may be inaccurate. Try reducing the sampling rate
py-spy> 27.01s behind in sampling, results may be inaccurate. Try reducing the sampling rate
py-spy> 27.26s behind in sampling, results may be inaccurate. Try reducing the sampling rate
py-spy> 27.36s behind in sampling, results may be inaccurate. Try reducing the sampling rate
py-spy> 27.54s behind in sampling, results may be inaccurate. Try reducing the sampling rate
py-spy> 27.75s behind in sampling, results may be inaccurate. Try reducing the sampling rate
py-spy> 27.84s behind in sampling, results may be inaccurate. Try reducing the sampling rate
py-spy> 27.98s behind in sampling, results may be inaccurate. Try reducing the sampling rate
py-spy> 28.28s behind in sampling, results may be inaccurate. Try reducing the sampling rate
py-spy> 28.44s behind in sampling, results may be inaccurate. Try reducing the sampling rate
py-spy> 28.55s behind in sampling, results may be inaccurate. Try reducing the sampling rate
py-spy> 28.70s behind in sampling, results may be inaccurate. Try reducing the sampling rate
py-spy> 28.82s behind in sampling, results may be inaccurate. Try reducing the sampling rate
py-spy> 28.86s behind in sampling, results may be inaccurate. Try reducing the sampling rate
py-spy> 29.18s behind in sampling, results may be inaccurate. Try reducing the sampling rate
py-spy> 29.36s behind in sampling, results may be inaccurate. Try reducing the sampling rate
py-spy> 29.60s behind in sampling, results may be inaccurate. Try reducing the sampling rate
py-spy> 29.81s behind in sampling, results may be inaccurate. Try reducing the sampling rate
py-spy> 30.13s behind in sampling, results may be inaccurate. Try reducing the sampling rate
py-spy> 30.18s behind in sampling, results may be inaccurate. Try reducing the sampling rate
py-spy> 30.44s behind in sampling, results may be inaccurate. Try reducing the sampling rate
py-spy> 30.57s behind in sampling, results may be inaccurate. Try reducing the sampling rate
py-spy> 30.64s behind in sampling, results may be inaccurate. Try reducing the sampling rate
py-spy> 30.84s behind in sampling, results may be inaccurate. Try reducing the sampling rate
py-spy> 31.09s behind in sampling, results may be inaccurate. Try reducing the sampling rate
py-spy> 31.17s behind in sampling, results may be inaccurate. Try reducing the sampling rate
py-spy> 31.29s behind in sampling, results may be inaccurate. Try reducing the sampling rate
py-spy> 31.60s behind in sampling, results may be inaccurate. Try reducing the sampling rate
py-spy> 31.68s behind in sampling, results may be inaccurate. Try reducing the sampling rate
py-spy> 31.94s behind in sampling, results may be inaccurate. Try reducing the sampling rate
py-spy> 32.11s behind in sampling, results may be inaccurate. Try reducing the sampling rate
py-spy> 32.35s behind in sampling, results may be inaccurate. Try reducing the sampling rate
py-spy> 32.60s behind in sampling, results may be inaccurate. Try reducing the sampling rate
py-spy> 32.79s behind in sampling, results may be inaccurate. Try reducing the sampling rate
py-spy> 33.13s behind in sampling, results may be inaccurate. Try reducing the sampling rate
py-spy> 33.46s behind in sampling, results may be inaccurate. Try reducing the sampling rate
py-spy> 33.63s behind in sampling, results may be inaccurate. Try reducing the sampling rate
py-spy> 33.87s behind in sampling, results may be inaccurate. Try reducing the sampling rate
py-spy> 33.98s behind in sampling, results may be inaccurate. Try reducing the sampling rate
py-spy> 34.25s behind in sampling, results may be inaccurate. Try reducing the sampling rate
py-spy> 34.44s behind in sampling, results may be inaccurate. Try reducing the sampling rate
py-spy> 34.64s behind in sampling, results may be inaccurate. Try reducing the sampling rate
py-spy> 34.73s behind in sampling, results may be inaccurate. Try reducing the sampling rate
py-spy> 34.96s behind in sampling, results may be inaccurate. Try reducing the sampling rate
py-spy> 35.21s behind in sampling, results may be inaccurate. Try reducing the sampling rate
py-spy> 35.51s behind in sampling, results may be inaccurate. Try reducing the sampling rate
py-spy> 35.56s behind in sampling, results may be inaccurate. Try reducing the sampling rate
py-spy> 35.71s behind in sampling, results may be inaccurate. Try reducing the sampling rate
py-spy> 35.78s behind in sampling, results may be inaccurate. Try reducing the sampling rate
py-spy> 35.89s behind in sampling, results may be inaccurate. Try reducing the sampling rate
py-spy> 36.04s behind in sampling, results may be inaccurate. Try reducing the sampling rate
py-spy> 36.33s behind in sampling, results may be inaccurate. Try reducing the sampling rate
py-spy> 36.41s behind in sampling, results may be inaccurate. Try reducing the sampling rate
py-spy> 36.53s behind in sampling, results may be inaccurate. Try reducing the sampling rate
py-spy> 36.81s behind in sampling, results may be inaccurate. Try reducing the sampling rate
py-spy> 37.08s behind in sampling, results may be inaccurate. Try reducing the sampling rate
py-spy> 37.12s behind in sampling, results may be inaccurate. Try reducing the sampling rate
py-spy> 37.26s behind in sampling, results may be inaccurate. Try reducing the sampling rate
py-spy> 37.60s behind in sampling, results may be inaccurate. Try reducing the sampling rate
py-spy> 37.81s behind in sampling, results may be inaccurate. Try reducing the sampling rate
py-spy> 38.04s behind in sampling, results may be inaccurate. Try reducing the sampling rate
py-spy> 38.25s behind in sampling, results may be inaccurate. Try reducing the sampling rate
py-spy> 38.55s behind in sampling, results may be inaccurate. Try reducing the sampling rate
py-spy> 38.69s behind in sampling, results may be inaccurate. Try reducing the sampling rate
py-spy> 38.89s behind in sampling, results may be inaccurate. Try reducing the sampling rate
py-spy> 39.21s behind in sampling, results may be inaccurate. Try reducing the sampling rate
py-spy> 39.44s behind in sampling, results may be inaccurate. Try reducing the sampling rate
py-spy> 39.64s behind in sampling, results may be inaccurate. Try reducing the sampling rate
py-spy> 39.62s behind in sampling, results may be inaccurate. Try reducing the sampling rate
py-spy> 39.70s behind in sampling, results may be inaccurate. Try reducing the sampling rate
py-spy> 39.91s behind in sampling, results may be inaccurate. Try reducing the sampling rate
py-spy> 39.98s behind in sampling, results may be inaccurate. Try reducing the sampling rate
py-spy> 40.10s behind in sampling, results may be inaccurate. Try reducing the sampling rate
py-spy> 40.23s behind in sampling, results may be inaccurate. Try reducing the sampling rate
py-spy> 40.49s behind in sampling, results may be inaccurate. Try reducing the sampling rate
py-spy> 40.53s behind in sampling, results may be inaccurate. Try reducing the sampling rate
py-spy> 40.78s behind in sampling, results may be inaccurate. Try reducing the sampling rate
py-spy> 40.91s behind in sampling, results may be inaccurate. Try reducing the sampling rate
py-spy> 41.21s behind in sampling, results may be inaccurate. Try reducing the sampling rate
py-spy> 41.34s behind in sampling, results may be inaccurate. Try reducing the sampling rate
py-spy> 41.47s behind in sampling, results may be inaccurate. Try reducing the sampling rate
py-spy> 41.73s behind in sampling, results may be inaccurate. Try reducing the sampling rate
py-spy> 41.65s behind in sampling, results may be inaccurate. Try reducing the sampling rate
py-spy> 41.88s behind in sampling, results may be inaccurate. Try reducing the sampling rate
py-spy> 42.22s behind in sampling, results may be inaccurate. Try reducing the sampling rate
py-spy> 42.32s behind in sampling, results may be inaccurate. Try reducing the sampling rate
py-spy> 42.68s behind in sampling, results may be inaccurate. Try reducing the sampling rate
py-spy> 42.82s behind in sampling, results may be inaccurate. Try reducing the sampling rate
py-spy> 43.14s behind in sampling, results may be inaccurate. Try reducing the sampling rate
py-spy> 43.38s behind in sampling, results may be inaccurate. Try reducing the sampling rate
py-spy> 43.57s behind in sampling, results may be inaccurate. Try reducing the sampling rate
py-spy> 43.83s behind in sampling, results may be inaccurate. Try reducing the sampling rate
py-spy> 44.13s behind in sampling, results may be inaccurate. Try reducing the sampling rate
py-spy> 44.52s behind in sampling, results may be inaccurate. Try reducing the sampling rate
py-spy> 44.88s behind in sampling, results may be inaccurate. Try reducing the sampling rate
py-spy> 45.01s behind in sampling, results may be inaccurate. Try reducing the sampling rate
py-spy> 45.13s behind in sampling, results may be inaccurate. Try reducing the sampling rate
py-spy> 45.30s behind in sampling, results may be inaccurate. Try reducing the sampling rate
py-spy> 45.43s behind in sampling, results may be inaccurate. Try reducing the sampling rate
py-spy> 45.52s behind in sampling, results may be inaccurate. Try reducing the sampling rate
py-spy> 45.68s behind in sampling, results may be inaccurate. Try reducing the sampling rate
py-spy> 45.86s behind in sampling, results may be inaccurate. Try reducing the sampling rate
py-spy> 46.13s behind in sampling, results may be inaccurate. Try reducing the sampling rate
py-spy> 46.43s behind in sampling, results may be inaccurate. Try reducing the sampling rate
py-spy> 46.56s behind in sampling, results may be inaccurate. Try reducing the sampling rate
py-spy> 46.65s behind in sampling, results may be inaccurate. Try reducing the sampling rate
py-spy> 46.88s behind in sampling, results may be inaccurate. Try reducing the sampling rate
py-spy> 47.09s behind in sampling, results may be inaccurate. Try reducing the sampling rate
py-spy> 47.26s behind in sampling, results may be inaccurate. Try reducing the sampling rate
py-spy> 47.45s behind in sampling, results may be inaccurate. Try reducing the sampling rate
py-spy> 47.70s behind in sampling, results may be inaccurate. Try reducing the sampling rate
py-spy> 47.97s behind in sampling, results may be inaccurate. Try reducing the sampling rate
py-spy> 48.09s behind in sampling, results may be inaccurate. Try reducing the sampling rate
py-spy> 48.23s behind in sampling, results may be inaccurate. Try reducing the sampling rate
py-spy> 48.64s behind in sampling, results may be inaccurate. Try reducing the sampling rate
py-spy> 48.81s behind in sampling, results may be inaccurate. Try reducing the sampling rate
py-spy> 49.11s behind in sampling, results may be inaccurate. Try reducing the sampling rate
py-spy> 49.35s behind in sampling, results may be inaccurate. Try reducing the sampling rate
py-spy> 49.46s behind in sampling, results may be inaccurate. Try reducing the sampling rate
py-spy> 49.37s behind in sampling, results may be inaccurate. Try reducing the sampling rate
py-spy> 49.53s behind in sampling, results may be inaccurate. Try reducing the sampling rate
py-spy> 49.83s behind in sampling, results may be inaccurate. Try reducing the sampling rate
py-spy> 50.09s behind in sampling, results may be inaccurate. Try reducing the sampling rate
py-spy> 50.24s behind in sampling, results may be inaccurate. Try reducing the sampling rate
py-spy> 50.45s behind in sampling, results may be inaccurate. Try reducing the sampling rate
py-spy> 50.79s behind in sampling, results may be inaccurate. Try reducing the sampling rate
py-spy> 51.03s behind in sampling, results may be inaccurate. Try reducing the sampling rate
py-spy> 51.22s behind in sampling, results may be inaccurate. Try reducing the sampling rate
py-spy> 51.43s behind in sampling, results may be inaccurate. Try reducing the sampling rate
py-spy> 51.59s behind in sampling, results may be inaccurate. Try reducing the sampling rate
py-spy> 51.98s behind in sampling, results may be inaccurate. Try reducing the sampling rate
py-spy> 52.12s behind in sampling, results may be inaccurate. Try reducing the sampling rate
py-spy> 52.35s behind in sampling, results may be inaccurate. Try reducing the sampling rate
py-spy> 52.52s behind in sampling, results may be inaccurate. Try reducing the sampling rate
py-spy> 52.62s behind in sampling, results may be inaccurate. Try reducing the sampling rate
py-spy> 52.74s behind in sampling, results may be inaccurate. Try reducing the sampling rate
py-spy> 52.94s behind in sampling, results may be inaccurate. Try reducing the sampling rate
py-spy> 52.96s behind in sampling, results may be inaccurate. Try reducing the sampling rate
py-spy> 53.03s behind in sampling, results may be inaccurate. Try reducing the sampling rate
py-spy> 53.14s behind in sampling, results may be inaccurate. Try reducing the sampling rate
py-spy> 53.27s behind in sampling, results may be inaccurate. Try reducing the sampling rate
py-spy> 53.51s behind in sampling, results may be inaccurate. Try reducing the sampling rate
py-spy> 53.65s behind in sampling, results may be inaccurate. Try reducing the sampling rate
py-spy> 53.76s behind in sampling, results may be inaccurate. Try reducing the sampling rate
py-spy> 53.75s behind in sampling, results may be inaccurate. Try reducing the sampling rate
py-spy> 53.84s behind in sampling, results may be inaccurate. Try reducing the sampling rate
py-spy> 54.12s behind in sampling, results may be inaccurate. Try reducing the sampling rate
py-spy> 54.28s behind in sampling, results may be inaccurate. Try reducing the sampling rate
py-spy> 54.44s behind in sampling, results may be inaccurate. Try reducing the sampling rate
py-spy> 54.64s behind in sampling, results may be inaccurate. Try reducing the sampling rate
py-spy> 54.74s behind in sampling, results may be inaccurate. Try reducing the sampling rate
py-spy> 54.90s behind in sampling, results may be inaccurate. Try reducing the sampling rate
py-spy> 55.03s behind in sampling, results may be inaccurate. Try reducing the sampling rate
py-spy> 55.14s behind in sampling, results may be inaccurate. Try reducing the sampling rate
py-spy> 55.26s behind in sampling, results may be inaccurate. Try reducing the sampling rate
py-spy> 55.50s behind in sampling, results may be inaccurate. Try reducing the sampling rate
py-spy> 55.61s behind in sampling, results may be inaccurate. Try reducing the sampling rate
py-spy> 55.90s behind in sampling, results may be inaccurate. Try reducing the sampling rate
py-spy> 56.09s behind in sampling, results may be inaccurate. Try reducing the sampling rate
py-spy> 56.33s behind in sampling, results may be inaccurate. Try reducing the sampling rate
py-spy> 56.55s behind in sampling, results may be inaccurate. Try reducing the sampling rate
py-spy> 56.81s behind in sampling, results may be inaccurate. Try reducing the sampling rate
py-spy> 56.92s behind in sampling, results may be inaccurate. Try reducing the sampling rate
py-spy> 57.14s behind in sampling, results may be inaccurate. Try reducing the sampling rate
py-spy> 57.34s behind in sampling, results may be inaccurate. Try reducing the sampling rate
py-spy> 57.55s behind in sampling, results may be inaccurate. Try reducing the sampling rate
py-spy> 57.81s behind in sampling, results may be inaccurate. Try reducing the sampling rate
py-spy> 57.99s behind in sampling, results may be inaccurate. Try reducing the sampling rate
py-spy> 58.19s behind in sampling, results may be inaccurate. Try reducing the sampling rate
py-spy> 58.49s behind in sampling, results may be inaccurate. Try reducing the sampling rate
py-spy> 58.51s behind in sampling, results may be inaccurate. Try reducing the sampling rate
py-spy> 58.69s behind in sampling, results may be inaccurate. Try reducing the sampling rate
py-spy> 58.97s behind in sampling, results may be inaccurate. Try reducing the sampling rate
py-spy> 59.14s behind in sampling, results may be inaccurate. Try reducing the sampling rate
py-spy> 59.37s behind in sampling, results may be inaccurate. Try reducing the sampling rate
py-spy> 59.41s behind in sampling, results may be inaccurate. Try reducing the sampling rate
py-spy> 59.69s behind in sampling, results may be inaccurate. Try reducing the sampling rate
py-spy> 59.91s behind in sampling, results may be inaccurate. Try reducing the sampling rate
py-spy> 60.16s behind in sampling, results may be inaccurate. Try reducing the sampling rate
py-spy> 60.37s behind in sampling, results may be inaccurate. Try reducing the sampling rate
py-spy> 60.65s behind in sampling, results may be inaccurate. Try reducing the sampling rate
py-spy> 60.68s behind in sampling, results may be inaccurate. Try reducing the sampling rate
py-spy> 60.76s behind in sampling, results may be inaccurate. Try reducing the sampling rate
py-spy> 60.83s behind in sampling, results may be inaccurate. Try reducing the sampling rate
py-spy> 61.01s behind in sampling, results may be inaccurate. Try reducing the sampling rate
py-spy> 61.18s behind in sampling, results may be inaccurate. Try reducing the sampling rate
py-spy> 61.46s behind in sampling, results may be inaccurate. Try reducing the sampling rate
py-spy> 61.70s behind in sampling, results may be inaccurate. Try reducing the sampling rate
py-spy> 61.91s behind in sampling, results may be inaccurate. Try reducing the sampling rate
py-spy> 62.09s behind in sampling, results may be inaccurate. Try reducing the sampling rate
py-spy> 62.22s behind in sampling, results may be inaccurate. Try reducing the sampling rate
py-spy> 62.40s behind in sampling, results may be inaccurate. Try reducing the sampling rate
py-spy> 62.46s behind in sampling, results may be inaccurate. Try reducing the sampling rate
py-spy> 62.65s behind in sampling, results may be inaccurate. Try reducing the sampling rate
py-spy> 62.95s behind in sampling, results may be inaccurate. Try reducing the sampling rate
py-spy> 63.23s behind in sampling, results may be inaccurate. Try reducing the sampling rate
py-spy> 63.55s behind in sampling, results may be inaccurate. Try reducing the sampling rate
py-spy> 63.78s behind in sampling, results may be inaccurate. Try reducing the sampling rate
py-spy> 63.97s behind in sampling, results may be inaccurate. Try reducing the sampling rate
py-spy> 64.09s behind in sampling, results may be inaccurate. Try reducing the sampling rate
py-spy> 64.09s behind in sampling, results may be inaccurate. Try reducing the sampling rate
py-spy> 64.19s behind in sampling, results may be inaccurate. Try reducing the sampling rate
py-spy> 64.29s behind in sampling, results may be inaccurate. Try reducing the sampling rate
py-spy> 64.58s behind in sampling, results may be inaccurate. Try reducing the sampling rate
py-spy> 64.89s behind in sampling, results may be inaccurate. Try reducing the sampling rate
py-spy> 65.14s behind in sampling, results may be inaccurate. Try reducing the sampling rate
py-spy> 65.46s behind in sampling, results may be inaccurate. Try reducing the sampling rate
py-spy> 65.62s behind in sampling, results may be inaccurate. Try reducing the sampling rate
py-spy> 65.86s behind in sampling, results may be inaccurate. Try reducing the sampling rate
py-spy> 66.01s behind in sampling, results may be inaccurate. Try reducing the sampling rate
py-spy> 66.18s behind in sampling, results may be inaccurate. Try reducing the sampling rate
py-spy> 66.39s behind in sampling, results may be inaccurate. Try reducing the sampling rate
py-spy> 66.56s behind in sampling, results may be inaccurate. Try reducing the sampling rate
py-spy> 66.81s behind in sampling, results may be inaccurate. Try reducing the sampling rate
py-spy> 67.01s behind in sampling, results may be inaccurate. Try reducing the sampling rate
py-spy> 67.36s behind in sampling, results may be inaccurate. Try reducing the sampling rate
py-spy> 67.52s behind in sampling, results may be inaccurate. Try reducing the sampling rate
py-spy> 67.59s behind in sampling, results may be inaccurate. Try reducing the sampling rate
py-spy> 67.69s behind in sampling, results may be inaccurate. Try reducing the sampling rate
py-spy> 67.94s behind in sampling, results may be inaccurate. Try reducing the sampling rate
py-spy> 68.08s behind in sampling, results may be inaccurate. Try reducing the sampling rate
py-spy> 68.14s behind in sampling, results may be inaccurate. Try reducing the sampling rate
py-spy> 68.17s behind in sampling, results may be inaccurate. Try reducing the sampling rate
py-spy> 68.31s behind in sampling, results may be inaccurate. Try reducing the sampling rate
py-spy> 68.47s behind in sampling, results may be inaccurate. Try reducing the sampling rate
py-spy> 68.73s behind in sampling, results may be inaccurate. Try reducing the sampling rate
py-spy> 68.80s behind in sampling, results may be inaccurate. Try reducing the sampling rate
py-spy> 68.88s behind in sampling, results may be inaccurate. Try reducing the sampling rate
py-spy> 69.11s behind in sampling, results may be inaccurate. Try reducing the sampling rate
py-spy> 69.24s behind in sampling, results may be inaccurate. Try reducing the sampling rate
py-spy> 69.42s behind in sampling, results may be inaccurate. Try reducing the sampling rate
py-spy> 69.60s behind in sampling, results may be inaccurate. Try reducing the sampling rate
py-spy> 69.79s behind in sampling, results may be inaccurate. Try reducing the sampling rate
py-spy> 69.92s behind in sampling, results may be inaccurate. Try reducing the sampling rate
py-spy> 70.21s behind in sampling, results may be inaccurate. Try reducing the sampling rate
py-spy> 70.32s behind in sampling, results may be inaccurate. Try reducing the sampling rate
py-spy> 70.47s behind in sampling, results may be inaccurate. Try reducing the sampling rate
py-spy> 70.75s behind in sampling, results may be inaccurate. Try reducing the sampling rate
py-spy> 70.77s behind in sampling, results may be inaccurate. Try reducing the sampling rate
py-spy> 70.94s behind in sampling, results may be inaccurate. Try reducing the sampling rate
py-spy> 71.28s behind in sampling, results may be inaccurate. Try reducing the sampling rate
py-spy> 71.49s behind in sampling, results may be inaccurate. Try reducing the sampling rate
py-spy> 71.69s behind in sampling, results may be inaccurate. Try reducing the sampling rate
py-spy> 71.86s behind in sampling, results may be inaccurate. Try reducing the sampling rate
py-spy> 72.13s behind in sampling, results may be inaccurate. Try reducing the sampling rate
py-spy> 72.43s behind in sampling, results may be inaccurate. Try reducing the sampling rate
py-spy> 72.63s behind in sampling, results may be inaccurate. Try reducing the sampling rate
py-spy> 72.74s behind in sampling, results may be inaccurate. Try reducing the sampling rate
py-spy> 73.07s behind in sampling, results may be inaccurate. Try reducing the sampling rate
py-spy> 73.28s behind in sampling, results may be inaccurate. Try reducing the sampling rate
py-spy> 73.39s behind in sampling, results may be inaccurate. Try reducing the sampling rate
py-spy> 73.79s behind in sampling, results may be inaccurate. Try reducing the sampling rate
py-spy> 73.86s behind in sampling, results may be inaccurate. Try reducing the sampling rate
py-spy> 73.99s behind in sampling, results may be inaccurate. Try reducing the sampling rate
py-spy> 74.26s behind in sampling, results may be inaccurate. Try reducing the sampling rate
py-spy> 74.51s behind in sampling, results may be inaccurate. Try reducing the sampling rate
py-spy> 74.47s behind in sampling, results may be inaccurate. Try reducing the sampling rate
py-spy> 74.54s behind in sampling, results may be inaccurate. Try reducing the sampling rate
py-spy> 74.86s behind in sampling, results may be inaccurate. Try reducing the sampling rate
py-spy> 75.23s behind in sampling, results may be inaccurate. Try reducing the sampling rate
py-spy> 75.28s behind in sampling, results may be inaccurate. Try reducing the sampling rate
py-spy> 75.45s behind in sampling, results may be inaccurate. Try reducing the sampling rate
py-spy> 75.74s behind in sampling, results may be inaccurate. Try reducing the sampling rate
py-spy> 75.96s behind in sampling, results may be inaccurate. Try reducing the sampling rate
py-spy> 76.26s behind in sampling, results may be inaccurate. Try reducing the sampling rate
py-spy> 76.41s behind in sampling, results may be inaccurate. Try reducing the sampling rate
py-spy> 76.60s behind in sampling, results may be inaccurate. Try reducing the sampling rate
py-spy> 76.66s behind in sampling, results may be inaccurate. Try reducing the sampling rate
py-spy> 76.79s behind in sampling, results may be inaccurate. Try reducing the sampling rate
py-spy> 77.18s behind in sampling, results may be inaccurate. Try reducing the sampling rate
py-spy> 77.57s behind in sampling, results may be inaccurate. Try reducing the sampling rate
py-spy> 77.89s behind in sampling, results may be inaccurate. Try reducing the sampling rate
py-spy> 78.14s behind in sampling, results may be inaccurate. Try reducing the sampling rate
py-spy> 78.26s behind in sampling, results may be inaccurate. Try reducing the sampling rate
py-spy> 78.49s behind in sampling, results may be inaccurate. Try reducing the sampling rate
py-spy> 78.72s behind in sampling, results may be inaccurate. Try reducing the sampling rate
py-spy> 79.02s behind in sampling, results may be inaccurate. Try reducing the sampling rate
py-spy> 79.27s behind in sampling, results may be inaccurate. Try reducing the sampling rate
py-spy> 79.51s behind in sampling, results may be inaccurate. Try reducing the sampling rate
py-spy> 79.84s behind in sampling, results may be inaccurate. Try reducing the sampling rate
py-spy> 80.07s behind in sampling, results may be inaccurate. Try reducing the sampling rate
py-spy> 80.31s behind in sampling, results may be inaccurate. Try reducing the sampling rate
py-spy> 80.59s behind in sampling, results may be inaccurate. Try reducing the sampling rate
py-spy> 80.89s behind in sampling, results may be inaccurate. Try reducing the sampling rate
py-spy> 80.95s behind in sampling, results may be inaccurate. Try reducing the sampling rate
py-spy> 81.14s behind in sampling, results may be inaccurate. Try reducing the sampling rate
py-spy> 81.30s behind in sampling, results may be inaccurate. Try reducing the sampling rate
py-spy> 81.55s behind in sampling, results may be inaccurate. Try reducing the sampling rate
py-spy> 81.72s behind in sampling, results may be inaccurate. Try reducing the sampling rate
py-spy> 81.86s behind in sampling, results may be inaccurate. Try reducing the sampling rate
py-spy> 82.13s behind in sampling, results may be inaccurate. Try reducing the sampling rate
py-spy> 82.31s behind in sampling, results may be inaccurate. Try reducing the sampling rate
py-spy> 82.60s behind in sampling, results may be inaccurate. Try reducing the sampling rate
py-spy> 82.90s behind in sampling, results may be inaccurate. Try reducing the sampling rate
py-spy> 83.02s behind in sampling, results may be inaccurate. Try reducing the sampling rate
py-spy> 83.08s behind in sampling, results may be inaccurate. Try reducing the sampling rate
py-spy> 83.30s behind in sampling, results may be inaccurate. Try reducing the sampling rate
py-spy> 83.53s behind in sampling, results may be inaccurate. Try reducing the sampling rate
py-spy> 83.70s behind in sampling, results may be inaccurate. Try reducing the sampling rate
py-spy> 84.01s behind in sampling, results may be inaccurate. Try reducing the sampling rate
py-spy> 84.27s behind in sampling, results may be inaccurate. Try reducing the sampling rate
py-spy> 84.51s behind in sampling, results may be inaccurate. Try reducing the sampling rate
py-spy> 84.68s behind in sampling, results may be inaccurate. Try reducing the sampling rate
py-spy> 84.80s behind in sampling, results may be inaccurate. Try reducing the sampling rate
py-spy> 85.04s behind in sampling, results may be inaccurate. Try reducing the sampling rate
py-spy> 85.39s behind in sampling, results may be inaccurate. Try reducing the sampling rate
py-spy> 85.69s behind in sampling, results may be inaccurate. Try reducing the sampling rate
py-spy> 85.78s behind in sampling, results may be inaccurate. Try reducing the sampling rate
py-spy> 85.98s behind in sampling, results may be inaccurate. Try reducing the sampling rate
py-spy> 86.36s behind in sampling, results may be inaccurate. Try reducing the sampling rate
py-spy> 86.62s behind in sampling, results may be inaccurate. Try reducing the sampling rate
py-spy> 86.83s behind in sampling, results may be inaccurate. Try reducing the sampling rate
py-spy> 87.08s behind in sampling, results may be inaccurate. Try reducing the sampling rate
py-spy> 87.35s behind in sampling, results may be inaccurate. Try reducing the sampling rate
py-spy> 87.65s behind in sampling, results may be inaccurate. Try reducing the sampling rate
py-spy> 87.78s behind in sampling, results may be inaccurate. Try reducing the sampling rate
py-spy> 87.95s behind in sampling, results may be inaccurate. Try reducing the sampling rate
py-spy> 88.24s behind in sampling, results may be inaccurate. Try reducing the sampling rate
py-spy> 88.47s behind in sampling, results may be inaccurate. Try reducing the sampling rate
py-spy> 88.73s behind in sampling, results may be inaccurate. Try reducing the sampling rate
py-spy> 88.91s behind in sampling, results may be inaccurate. Try reducing the sampling rate
py-spy> 89.16s behind in sampling, results may be inaccurate. Try reducing the sampling rate
py-spy> 89.40s behind in sampling, results may be inaccurate. Try reducing the sampling rate
py-spy> 89.70s behind in sampling, results may be inaccurate. Try reducing the sampling rate
py-spy> 89.91s behind in sampling, results may be inaccurate. Try reducing the sampling rate
py-spy> 89.98s behind in sampling, results may be inaccurate. Try reducing the sampling rate
py-spy> 90.28s behind in sampling, results may be inaccurate. Try reducing the sampling rate
py-spy> 90.54s behind in sampling, results may be inaccurate. Try reducing the sampling rate
py-spy> 90.60s behind in sampling, results may be inaccurate. Try reducing the sampling rate
py-spy> 90.86s behind in sampling, results may be inaccurate. Try reducing the sampling rate
py-spy> 91.02s behind in sampling, results may be inaccurate. Try reducing the sampling rate
py-spy> 91.17s behind in sampling, results may be inaccurate. Try reducing the sampling rate
py-spy> 91.50s behind in sampling, results may be inaccurate. Try reducing the sampling rate
py-spy> 91.67s behind in sampling, results may be inaccurate. Try reducing the sampling rate
py-spy> 91.82s behind in sampling, results may be inaccurate. Try reducing the sampling rate
py-spy> 92.01s behind in sampling, results may be inaccurate. Try reducing the sampling rate
py-spy> 92.20s behind in sampling, results may be inaccurate. Try reducing the sampling rate
py-spy> 92.35s behind in sampling, results may be inaccurate. Try reducing the sampling rate
py-spy> 92.39s behind in sampling, results may be inaccurate. Try reducing the sampling rate
py-spy> 92.62s behind in sampling, results may be inaccurate. Try reducing the sampling rate
py-spy> 92.73s behind in sampling, results may be inaccurate. Try reducing the sampling rate
py-spy> 92.93s behind in sampling, results may be inaccurate. Try reducing the sampling rate
py-spy> 93.11s behind in sampling, results may be inaccurate. Try reducing the sampling rate
py-spy> 93.35s behind in sampling, results may be inaccurate. Try reducing the sampling rate
py-spy> 93.51s behind in sampling, results may be inaccurate. Try reducing the sampling rate
py-spy> 93.66s behind in sampling, results may be inaccurate. Try reducing the sampling rate
py-spy> 93.81s behind in sampling, results may be inaccurate. Try reducing the sampling rate
py-spy> 94.10s behind in sampling, results may be inaccurate. Try reducing the sampling rate
py-spy> 94.21s behind in sampling, results may be inaccurate. Try reducing the sampling rate
py-spy> 94.37s behind in sampling, results may be inaccurate. Try reducing the sampling rate
py-spy> 94.58s behind in sampling, results may be inaccurate. Try reducing the sampling rate
py-spy> 94.92s behind in sampling, results may be inaccurate. Try reducing the sampling rate
py-spy> 95.10s behind in sampling, results may be inaccurate. Try reducing the sampling rate
py-spy> 95.19s behind in sampling, results may be inaccurate. Try reducing the sampling rate
py-spy> 95.31s behind in sampling, results may be inaccurate. Try reducing the sampling rate
py-spy> 95.43s behind in sampling, results may be inaccurate. Try reducing the sampling rate
py-spy> 95.74s behind in sampling, results may be inaccurate. Try reducing the sampling rate
py-spy> 95.87s behind in sampling, results may be inaccurate. Try reducing the sampling rate
py-spy> 96.16s behind in sampling, results may be inaccurate. Try reducing the sampling rate
py-spy> 96.36s behind in sampling, results may be inaccurate. Try reducing the sampling rate
py-spy> 96.49s behind in sampling, results may be inaccurate. Try reducing the sampling rate
py-spy> 96.71s behind in sampling, results may be inaccurate. Try reducing the sampling rate
py-spy> 96.88s behind in sampling, results may be inaccurate. Try reducing the sampling rate
py-spy> 97.23s behind in sampling, results may be inaccurate. Try reducing the sampling rate
py-spy> 97.47s behind in sampling, results may be inaccurate. Try reducing the sampling rate
py-spy> 97.74s behind in sampling, results may be inaccurate. Try reducing the sampling rate
py-spy> 97.96s behind in sampling, results may be inaccurate. Try reducing the sampling rate
py-spy> 98.27s behind in sampling, results may be inaccurate. Try reducing the sampling rate
py-spy> 98.55s behind in sampling, results may be inaccurate. Try reducing the sampling rate
py-spy> 98.81s behind in sampling, results may be inaccurate. Try reducing the sampling rate
py-spy> 99.01s behind in sampling, results may be inaccurate. Try reducing the sampling rate
py-spy> 99.18s behind in sampling, results may be inaccurate. Try reducing the sampling rate
py-spy> 99.40s behind in sampling, results may be inaccurate. Try reducing the sampling rate
py-spy> 99.57s behind in sampling, results may be inaccurate. Try reducing the sampling rate
py-spy> 99.76s behind in sampling, results may be inaccurate. Try reducing the sampling rate
py-spy> 99.95s behind in sampling, results may be inaccurate. Try reducing the sampling rate
py-spy> 100.28s behind in sampling, results may be inaccurate. Try reducing the sampling rate
py-spy> 100.66s behind in sampling, results may be inaccurate. Try reducing the sampling rate
py-spy> 100.84s behind in sampling, results may be inaccurate. Try reducing the sampling rate
py-spy> 101.04s behind in sampling, results may be inaccurate. Try reducing the sampling rate
py-spy> 101.22s behind in sampling, results may be inaccurate. Try reducing the sampling rate
py-spy> 101.40s behind in sampling, results may be inaccurate. Try reducing the sampling rate
py-spy> 101.46s behind in sampling, results may be inaccurate. Try reducing the sampling rate
py-spy> 101.76s behind in sampling, results may be inaccurate. Try reducing the sampling rate
py-spy> 102.07s behind in sampling, results may be inaccurate. Try reducing the sampling rate
py-spy> 102.27s behind in sampling, results may be inaccurate. Try reducing the sampling rate
py-spy> 102.34s behind in sampling, results may be inaccurate. Try reducing the sampling rate
py-spy> 102.46s behind in sampling, results may be inaccurate. Try reducing the sampling rate
py-spy> 102.48s behind in sampling, results may be inaccurate. Try reducing the sampling rate
py-spy> 102.74s behind in sampling, results may be inaccurate. Try reducing the sampling rate
py-spy> 102.94s behind in sampling, results may be inaccurate. Try reducing the sampling rate
py-spy> 103.26s behind in sampling, results may be inaccurate. Try reducing the sampling rate
py-spy> 103.49s behind in sampling, results may be inaccurate. Try reducing the sampling rate
py-spy> 103.60s behind in sampling, results may be inaccurate. Try reducing the sampling rate
py-spy> 103.76s behind in sampling, results may be inaccurate. Try reducing the sampling rate
py-spy> 103.91s behind in sampling, results may be inaccurate. Try reducing the sampling rate
py-spy> 103.85s behind in sampling, results may be inaccurate. Try reducing the sampling rate
py-spy> 103.95s behind in sampling, results may be inaccurate. Try reducing the sampling rate
py-spy> 104.04s behind in sampling, results may be inaccurate. Try reducing the sampling rate
py-spy> 103.91s behind in sampling, results may be inaccurate. Try reducing the sampling rate
py-spy> 104.18s behind in sampling, results may be inaccurate. Try reducing the sampling rate
py-spy> 104.55s behind in sampling, results may be inaccurate. Try reducing the sampling rate
py-spy> 104.83s behind in sampling, results may be inaccurate. Try reducing the sampling rate
py-spy> 104.76s behind in sampling, results may be inaccurate. Try reducing the sampling rate
py-spy> 104.78s behind in sampling, results may be inaccurate. Try reducing the sampling rate
py-spy> 105.02s behind in sampling, results may be inaccurate. Try reducing the sampling rate
py-spy> 105.11s behind in sampling, results may be inaccurate. Try reducing the sampling rate
py-spy> 105.16s behind in sampling, results may be inaccurate. Try reducing the sampling rate
py-spy> 105.24s behind in sampling, results may be inaccurate. Try reducing the sampling rate
py-spy> 105.50s behind in sampling, results may be inaccurate. Try reducing the sampling rate
py-spy> 105.69s behind in sampling, results may be inaccurate. Try reducing the sampling rate
py-spy> 105.84s behind in sampling, results may be inaccurate. Try reducing the sampling rate
py-spy> 106.12s behind in sampling, results may be inaccurate. Try reducing the sampling rate
py-spy> 106.16s behind in sampling, results may be inaccurate. Try reducing the sampling rate
py-spy> 106.49s behind in sampling, results may be inaccurate. Try reducing the sampling rate
py-spy> 106.61s behind in sampling, results may be inaccurate. Try reducing the sampling rate
py-spy> 106.80s behind in sampling, results may be inaccurate. Try reducing the sampling rate
py-spy> 107.07s behind in sampling, results may be inaccurate. Try reducing the sampling rate
py-spy> 107.33s behind in sampling, results may be inaccurate. Try reducing the sampling rate
py-spy> 107.36s behind in sampling, results may be inaccurate. Try reducing the sampling rate
py-spy> 107.64s behind in sampling, results may be inaccurate. Try reducing the sampling rate
py-spy> 107.86s behind in sampling, results may be inaccurate. Try reducing the sampling rate
py-spy> 108.09s behind in sampling, results may be inaccurate. Try reducing the sampling rate
py-spy> 108.27s behind in sampling, results may be inaccurate. Try reducing the sampling rate
py-spy> 108.51s behind in sampling, results may be inaccurate. Try reducing the sampling rate
py-spy> 108.76s behind in sampling, results may be inaccurate. Try reducing the sampling rate
py-spy> 109.04s behind in sampling, results may be inaccurate. Try reducing the sampling rate
py-spy> 109.20s behind in sampling, results may be inaccurate. Try reducing the sampling rate
py-spy> 109.37s behind in sampling, results may be inaccurate. Try reducing the sampling rate
py-spy> 109.58s behind in sampling, results may be inaccurate. Try reducing the sampling rate
py-spy> 109.72s behind in sampling, results may be inaccurate. Try reducing the sampling rate
py-spy> 109.98s behind in sampling, results may be inaccurate. Try reducing the sampling rate
py-spy> 110.18s behind in sampling, results may be inaccurate. Try reducing the sampling rate
py-spy> 110.47s behind in sampling, results may be inaccurate. Try reducing the sampling rate
py-spy> 110.58s behind in sampling, results may be inaccurate. Try reducing the sampling rate
py-spy> 110.82s behind in sampling, results may be inaccurate. Try reducing the sampling rate
py-spy> 111.09s behind in sampling, results may be inaccurate. Try reducing the sampling rate
py-spy> 111.26s behind in sampling, results may be inaccurate. Try reducing the sampling rate
py-spy> 111.49s behind in sampling, results may be inaccurate. Try reducing the sampling rate
py-spy> 111.66s behind in sampling, results may be inaccurate. Try reducing the sampling rate
py-spy> 111.64s behind in sampling, results may be inaccurate. Try reducing the sampling rate
py-spy> 111.78s behind in sampling, results may be inaccurate. Try reducing the sampling rate
py-spy> 112.04s behind in sampling, results may be inaccurate. Try reducing the sampling rate
py-spy> 112.32s behind in sampling, results may be inaccurate. Try reducing the sampling rate
py-spy> 112.73s behind in sampling, results may be inaccurate. Try reducing the sampling rate
py-spy> 112.85s behind in sampling, results may be inaccurate. Try reducing the sampling rate
py-spy> 113.10s behind in sampling, results may be inaccurate. Try reducing the sampling rate
py-spy> 113.22s behind in sampling, results may be inaccurate. Try reducing the sampling rate
py-spy> 113.44s behind in sampling, results may be inaccurate. Try reducing the sampling rate
py-spy> 113.54s behind in sampling, results may be inaccurate. Try reducing the sampling rate
py-spy> 113.70s behind in sampling, results may be inaccurate. Try reducing the sampling rate
py-spy> 113.84s behind in sampling, results may be inaccurate. Try reducing the sampling rate
py-spy> 113.95s behind in sampling, results may be inaccurate. Try reducing the sampling rate
py-spy> 114.08s behind in sampling, results may be inaccurate. Try reducing the sampling rate
py-spy> 114.34s behind in sampling, results may be inaccurate. Try reducing the sampling rate
py-spy> 114.47s behind in sampling, results may be inaccurate. Try reducing the sampling rate
py-spy> 114.70s behind in sampling, results may be inaccurate. Try reducing the sampling rate
py-spy> 114.91s behind in sampling, results may be inaccurate. Try reducing the sampling rate
py-spy> 115.12s behind in sampling, results may be inaccurate. Try reducing the sampling rate
py-spy> 115.36s behind in sampling, results may be inaccurate. Try reducing the sampling rate
py-spy> 115.48s behind in sampling, results may be inaccurate. Try reducing the sampling rate
py-spy> 115.79s behind in sampling, results may be inaccurate. Try reducing the sampling rate
py-spy> 116.07s behind in sampling, results may be inaccurate. Try reducing the sampling rate
py-spy> 116.38s behind in sampling, results may be inaccurate. Try reducing the sampling rate
py-spy> 116.64s behind in sampling, results may be inaccurate. Try reducing the sampling rate
py-spy> 116.84s behind in sampling, results may be inaccurate. Try reducing the sampling rate
py-spy> 117.08s behind in sampling, results may be inaccurate. Try reducing the sampling rate
py-spy> 117.23s behind in sampling, results may be inaccurate. Try reducing the sampling rate
py-spy> 117.30s behind in sampling, results may be inaccurate. Try reducing the sampling rate
py-spy> 117.57s behind in sampling, results may be inaccurate. Try reducing the sampling rate
py-spy> 117.75s behind in sampling, results may be inaccurate. Try reducing the sampling rate
py-spy> 117.84s behind in sampling, results may be inaccurate. Try reducing the sampling rate
py-spy> 117.99s behind in sampling, results may be inaccurate. Try reducing the sampling rate
py-spy> 118.29s behind in sampling, results may be inaccurate. Try reducing the sampling rate
py-spy> 118.46s behind in sampling, results may be inaccurate. Try reducing the sampling rate
py-spy> 118.67s behind in sampling, results may be inaccurate. Try reducing the sampling rate
py-spy> 118.86s behind in sampling, results may be inaccurate. Try reducing the sampling rate
py-spy> 119.08s behind in sampling, results may be inaccurate. Try reducing the sampling rate
py-spy> 119.07s behind in sampling, results may be inaccurate. Try reducing the sampling rate
py-spy> 119.24s behind in sampling, results may be inaccurate. Try reducing the sampling rate
py-spy> 119.42s behind in sampling, results may be inaccurate. Try reducing the sampling rate
py-spy> 119.78s behind in sampling, results may be inaccurate. Try reducing the sampling rate
py-spy> 119.87s behind in sampling, results may be inaccurate. Try reducing the sampling rate
py-spy> 120.20s behind in sampling, results may be inaccurate. Try reducing the sampling rate
py-spy> 120.32s behind in sampling, results may be inaccurate. Try reducing the sampling rate
py-spy> 120.61s behind in sampling, results may be inaccurate. Try reducing the sampling rate
py-spy> 120.66s behind in sampling, results may be inaccurate. Try reducing the sampling rate
py-spy> 120.83s behind in sampling, results may be inaccurate. Try reducing the sampling rate
py-spy> 120.84s behind in sampling, results may be inaccurate. Try reducing the sampling rate
py-spy> 120.98s behind in sampling, results may be inaccurate. Try reducing the sampling rate
py-spy> 121.24s behind in sampling, results may be inaccurate. Try reducing the sampling rate
py-spy> 121.49s behind in sampling, results may be inaccurate. Try reducing the sampling rate
py-spy> 121.69s behind in sampling, results may be inaccurate. Try reducing the sampling rate
py-spy> 121.85s behind in sampling, results may be inaccurate. Try reducing the sampling rate
py-spy> 121.96s behind in sampling, results may be inaccurate. Try reducing the sampling rate
py-spy> 122.25s behind in sampling, results may be inaccurate. Try reducing the sampling rate
py-spy> 122.49s behind in sampling, results may be inaccurate. Try reducing the sampling rate
py-spy> 122.79s behind in sampling, results may be inaccurate. Try reducing the sampling rate
py-spy> 123.01s behind in sampling, results may be inaccurate. Try reducing the sampling rate
py-spy> 123.29s behind in sampling, results may be inaccurate. Try reducing the sampling rate
py-spy> 123.54s behind in sampling, results may be inaccurate. Try reducing the sampling rate
py-spy> 123.74s behind in sampling, results may be inaccurate. Try reducing the sampling rate
py-spy> 123.90s behind in sampling, results may be inaccurate. Try reducing the sampling rate
py-spy> 124.04s behind in sampling, results may be inaccurate. Try reducing the sampling rate
py-spy> 124.23s behind in sampling, results may be inaccurate. Try reducing the sampling rate
py-spy> 124.43s behind in sampling, results may be inaccurate. Try reducing the sampling rate
py-spy> 124.58s behind in sampling, results may be inaccurate. Try reducing the sampling rate
py-spy> 124.91s behind in sampling, results may be inaccurate. Try reducing the sampling rate
py-spy> 125.16s behind in sampling, results may be inaccurate. Try reducing the sampling rate
py-spy> 125.33s behind in sampling, results may be inaccurate. Try reducing the sampling rate
py-spy> 125.46s behind in sampling, results may be inaccurate. Try reducing the sampling rate
py-spy> 125.66s behind in sampling, results may be inaccurate. Try reducing the sampling rate
py-spy> 125.87s behind in sampling, results may be inaccurate. Try reducing the sampling rate
py-spy> 126.11s behind in sampling, results may be inaccurate. Try reducing the sampling rate
py-spy> 126.20s behind in sampling, results may be inaccurate. Try reducing the sampling rate
py-spy> 126.40s behind in sampling, results may be inaccurate. Try reducing the sampling rate
py-spy> 126.48s behind in sampling, results may be inaccurate. Try reducing the sampling rate
py-spy> 126.74s behind in sampling, results may be inaccurate. Try reducing the sampling rate
py-spy> 126.68s behind in sampling, results may be inaccurate. Try reducing the sampling rate
py-spy> 126.92s behind in sampling, results may be inaccurate. Try reducing the sampling rate
py-spy> 127.08s behind in sampling, results may be inaccurate. Try reducing the sampling rate
py-spy> 127.15s behind in sampling, results may be inaccurate. Try reducing the sampling rate
py-spy> 127.24s behind in sampling, results may be inaccurate. Try reducing the sampling rate
py-spy> 127.52s behind in sampling, results may be inaccurate. Try reducing the sampling rate
py-spy> 127.83s behind in sampling, results may be inaccurate. Try reducing the sampling rate
py-spy> 127.99s behind in sampling, results may be inaccurate. Try reducing the sampling rate
py-spy> 128.22s behind in sampling, results may be inaccurate. Try reducing the sampling rate
py-spy> 128.40s behind in sampling, results may be inaccurate. Try reducing the sampling rate
py-spy> 128.68s behind in sampling, results may be inaccurate. Try reducing the sampling rate
py-spy> 128.97s behind in sampling, results may be inaccurate. Try reducing the sampling rate
py-spy> 129.16s behind in sampling, results may be inaccurate. Try reducing the sampling rate
py-spy> 129.33s behind in sampling, results may be inaccurate. Try reducing the sampling rate
py-spy> 129.48s behind in sampling, results may be inaccurate. Try reducing the sampling rate
py-spy> 129.73s behind in sampling, results may be inaccurate. Try reducing the sampling rate
py-spy> 130.11s behind in sampling, results may be inaccurate. Try reducing the sampling rate
py-spy> 130.36s behind in sampling, results may be inaccurate. Try reducing the sampling rate
py-spy> 130.60s behind in sampling, results may be inaccurate. Try reducing the sampling rate
py-spy> 130.75s behind in sampling, results may be inaccurate. Try reducing the sampling rate
py-spy> 130.96s behind in sampling, results may be inaccurate. Try reducing the sampling rate
py-spy> 131.14s behind in sampling, results may be inaccurate. Try reducing the sampling rate
py-spy> 131.34s behind in sampling, results may be inaccurate. Try reducing the sampling rate
py-spy> 131.73s behind in sampling, results may be inaccurate. Try reducing the sampling rate
py-spy> 131.96s behind in sampling, results may be inaccurate. Try reducing the sampling rate
py-spy> 131.98s behind in sampling, results may be inaccurate. Try reducing the sampling rate
py-spy> 132.02s behind in sampling, results may be inaccurate. Try reducing the sampling rate
py-spy> 132.39s behind in sampling, results may be inaccurate. Try reducing the sampling rate
py-spy> 132.59s behind in sampling, results may be inaccurate. Try reducing the sampling rate
py-spy> 132.99s behind in sampling, results may be inaccurate. Try reducing the sampling rate
py-spy> 133.21s behind in sampling, results may be inaccurate. Try reducing the sampling rate
py-spy> 133.24s behind in sampling, results may be inaccurate. Try reducing the sampling rate
py-spy> 133.51s behind in sampling, results may be inaccurate. Try reducing the sampling rate
py-spy> 133.69s behind in sampling, results may be inaccurate. Try reducing the sampling rate
py-spy> 133.74s behind in sampling, results may be inaccurate. Try reducing the sampling rate
py-spy> 133.95s behind in sampling, results may be inaccurate. Try reducing the sampling rate
py-spy> 134.10s behind in sampling, results may be inaccurate. Try reducing the sampling rate
py-spy> 134.28s behind in sampling, results may be inaccurate. Try reducing the sampling rate
py-spy> 134.43s behind in sampling, results may be inaccurate. Try reducing the sampling rate
py-spy> 134.71s behind in sampling, results may be inaccurate. Try reducing the sampling rate
py-spy> 134.84s behind in sampling, results may be inaccurate. Try reducing the sampling rate
py-spy> 135.00s behind in sampling, results may be inaccurate. Try reducing the sampling rate
py-spy> 135.05s behind in sampling, results may be inaccurate. Try reducing the sampling rate
py-spy> 135.24s behind in sampling, results may be inaccurate. Try reducing the sampling rate
py-spy> 135.39s behind in sampling, results may be inaccurate. Try reducing the sampling rate
py-spy> 135.58s behind in sampling, results may be inaccurate. Try reducing the sampling rate
py-spy> 135.62s behind in sampling, results may be inaccurate. Try reducing the sampling rate
py-spy> 135.87s behind in sampling, results may be inaccurate. Try reducing the sampling rate
py-spy> 136.18s behind in sampling, results may be inaccurate. Try reducing the sampling rate
py-spy> 136.22s behind in sampling, results may be inaccurate. Try reducing the sampling rate
py-spy> 136.28s behind in sampling, results may be inaccurate. Try reducing the sampling rate
py-spy> 136.54s behind in sampling, results may be inaccurate. Try reducing the sampling rate
py-spy> 136.68s behind in sampling, results may be inaccurate. Try reducing the sampling rate
py-spy> 136.75s behind in sampling, results may be inaccurate. Try reducing the sampling rate
py-spy> 137.06s behind in sampling, results may be inaccurate. Try reducing the sampling rate
py-spy> 137.13s behind in sampling, results may be inaccurate. Try reducing the sampling rate
py-spy> 137.49s behind in sampling, results may be inaccurate. Try reducing the sampling rate
py-spy> 137.72s behind in sampling, results may be inaccurate. Try reducing the sampling rate
py-spy> 138.09s behind in sampling, results may be inaccurate. Try reducing the sampling rate
py-spy> 138.22s behind in sampling, results may be inaccurate. Try reducing the sampling rate
py-spy> 138.41s behind in sampling, results may be inaccurate. Try reducing the sampling rate
py-spy> 138.65s behind in sampling, results may be inaccurate. Try reducing the sampling rate
py-spy> 138.78s behind in sampling, results may be inaccurate. Try reducing the sampling rate
py-spy> 138.81s behind in sampling, results may be inaccurate. Try reducing the sampling rate
py-spy> 139.13s behind in sampling, results may be inaccurate. Try reducing the sampling rate
py-spy> 139.46s behind in sampling, results may be inaccurate. Try reducing the sampling rate
py-spy> 139.57s behind in sampling, results may be inaccurate. Try reducing the sampling rate
py-spy> 139.87s behind in sampling, results may be inaccurate. Try reducing the sampling rate
py-spy> 140.13s behind in sampling, results may be inaccurate. Try reducing the sampling rate
py-spy> 140.36s behind in sampling, results may be inaccurate. Try reducing the sampling rate
py-spy> 140.47s behind in sampling, results may be inaccurate. Try reducing the sampling rate
py-spy> 140.61s behind in sampling, results may be inaccurate. Try reducing the sampling rate
py-spy> 140.78s behind in sampling, results may be inaccurate. Try reducing the sampling rate
py-spy> 141.00s behind in sampling, results may be inaccurate. Try reducing the sampling rate
py-spy> 141.26s behind in sampling, results may be inaccurate. Try reducing the sampling rate
py-spy> 141.42s behind in sampling, results may be inaccurate. Try reducing the sampling rate
py-spy> 141.56s behind in sampling, results may be inaccurate. Try reducing the sampling rate
py-spy> 141.74s behind in sampling, results may be inaccurate. Try reducing the sampling rate
py-spy> 141.96s behind in sampling, results may be inaccurate. Try reducing the sampling rate
py-spy> 142.21s behind in sampling, results may be inaccurate. Try reducing the sampling rate
py-spy> 142.45s behind in sampling, results may be inaccurate. Try reducing the sampling rate
py-spy> 142.55s behind in sampling, results may be inaccurate. Try reducing the sampling rate
py-spy> 142.72s behind in sampling, results may be inaccurate. Try reducing the sampling rate
py-spy> 142.91s behind in sampling, results may be inaccurate. Try reducing the sampling rate
py-spy> 143.02s behind in sampling, results may be inaccurate. Try reducing the sampling rate
py-spy> 143.16s behind in sampling, results may be inaccurate. Try reducing the sampling rate
py-spy> 143.55s behind in sampling, results may be inaccurate. Try reducing the sampling rate
py-spy> 143.68s behind in sampling, results may be inaccurate. Try reducing the sampling rate
py-spy> 143.73s behind in sampling, results may be inaccurate. Try reducing the sampling rate
py-spy> 143.81s behind in sampling, results may be inaccurate. Try reducing the sampling rate
py-spy> 143.95s behind in sampling, results may be inaccurate. Try reducing the sampling rate
py-spy> 144.11s behind in sampling, results may be inaccurate. Try reducing the sampling rate
py-spy> 144.28s behind in sampling, results may be inaccurate. Try reducing the sampling rate
py-spy> 144.55s behind in sampling, results may be inaccurate. Try reducing the sampling rate
py-spy> 144.57s behind in sampling, results may be inaccurate. Try reducing the sampling rate
py-spy> 144.86s behind in sampling, results may be inaccurate. Try reducing the sampling rate
py-spy> 144.90s behind in sampling, results may be inaccurate. Try reducing the sampling rate
py-spy> 145.00s behind in sampling, results may be inaccurate. Try reducing the sampling rate
py-spy> 145.20s behind in sampling, results may be inaccurate. Try reducing the sampling rate
py-spy> 145.52s behind in sampling, results may be inaccurate. Try reducing the sampling rate
py-spy> 145.71s behind in sampling, results may be inaccurate. Try reducing the sampling rate
py-spy> 146.01s behind in sampling, results may be inaccurate. Try reducing the sampling rate
py-spy> 146.35s behind in sampling, results may be inaccurate. Try reducing the sampling rate
py-spy> 146.62s behind in sampling, results may be inaccurate. Try reducing the sampling rate
py-spy> 146.75s behind in sampling, results may be inaccurate. Try reducing the sampling rate
py-spy> 146.96s behind in sampling, results may be inaccurate. Try reducing the sampling rate
py-spy> 147.23s behind in sampling, results may be inaccurate. Try reducing the sampling rate
py-spy> 147.37s behind in sampling, results may be inaccurate. Try reducing the sampling rate
py-spy> 147.47s behind in sampling, results may be inaccurate. Try reducing the sampling rate
py-spy> 147.50s behind in sampling, results may be inaccurate. Try reducing the sampling rate
py-spy> 147.59s behind in sampling, results may be inaccurate. Try reducing the sampling rate
py-spy> 147.83s behind in sampling, results may be inaccurate. Try reducing the sampling rate
py-spy> 147.82s behind in sampling, results may be inaccurate. Try reducing the sampling rate
py-spy> 148.11s behind in sampling, results may be inaccurate. Try reducing the sampling rate
py-spy> 148.25s behind in sampling, results may be inaccurate. Try reducing the sampling rate
py-spy> 148.53s behind in sampling, results may be inaccurate. Try reducing the sampling rate
py-spy> 148.59s behind in sampling, results may be inaccurate. Try reducing the sampling rate
py-spy> 148.84s behind in sampling, results may be inaccurate. Try reducing the sampling rate
py-spy> 149.02s behind in sampling, results may be inaccurate. Try reducing the sampling rate
py-spy> 149.28s behind in sampling, results may be inaccurate. Try reducing the sampling rate
py-spy> 149.66s behind in sampling, results may be inaccurate. Try reducing the sampling rate
py-spy> 149.87s behind in sampling, results may be inaccurate. Try reducing the sampling rate
py-spy> 150.09s behind in sampling, results may be inaccurate. Try reducing the sampling rate
py-spy> 150.27s behind in sampling, results may be inaccurate. Try reducing the sampling rate
py-spy> 150.51s behind in sampling, results may be inaccurate. Try reducing the sampling rate
py-spy> 150.50s behind in sampling, results may be inaccurate. Try reducing the sampling rate
py-spy> 150.57s behind in sampling, results may be inaccurate. Try reducing the sampling rate
py-spy> 150.73s behind in sampling, results may be inaccurate. Try reducing the sampling rate
py-spy> 150.89s behind in sampling, results may be inaccurate. Try reducing the sampling rate
py-spy> 151.10s behind in sampling, results may be inaccurate. Try reducing the sampling rate
py-spy> 151.05s behind in sampling, results may be inaccurate. Try reducing the sampling rate
py-spy> 151.36s behind in sampling, results may be inaccurate. Try reducing the sampling rate
py-spy> 151.68s behind in sampling, results may be inaccurate. Try reducing the sampling rate
py-spy> 151.81s behind in sampling, results may be inaccurate. Try reducing the sampling rate
py-spy> 152.07s behind in sampling, results may be inaccurate. Try reducing the sampling rate
py-spy> 152.18s behind in sampling, results may be inaccurate. Try reducing the sampling rate
py-spy> 152.30s behind in sampling, results may be inaccurate. Try reducing the sampling rate
py-spy> 152.51s behind in sampling, results may be inaccurate. Try reducing the sampling rate
py-spy> 152.52s behind in sampling, results may be inaccurate. Try reducing the sampling rate
py-spy> 152.70s behind in sampling, results may be inaccurate. Try reducing the sampling rate
py-spy> 153.00s behind in sampling, results may be inaccurate. Try reducing the sampling rate
py-spy> 153.12s behind in sampling, results may be inaccurate. Try reducing the sampling rate
py-spy> 153.24s behind in sampling, results may be inaccurate. Try reducing the sampling rate
py-spy> 153.28s behind in sampling, results may be inaccurate. Try reducing the sampling rate
py-spy> 153.51s behind in sampling, results may be inaccurate. Try reducing the sampling rate
py-spy> 153.93s behind in sampling, results may be inaccurate. Try reducing the sampling rate
py-spy> 154.00s behind in sampling, results may be inaccurate. Try reducing the sampling rate
py-spy> 154.17s behind in sampling, results may be inaccurate. Try reducing the sampling rate
py-spy> 154.25s behind in sampling, results may be inaccurate. Try reducing the sampling rate
py-spy> 154.40s behind in sampling, results may be inaccurate. Try reducing the sampling rate
py-spy> 154.62s behind in sampling, results may be inaccurate. Try reducing the sampling rate
py-spy> 154.93s behind in sampling, results may be inaccurate. Try reducing the sampling rate
py-spy> 155.08s behind in sampling, results may be inaccurate. Try reducing the sampling rate
py-spy> 155.29s behind in sampling, results may be inaccurate. Try reducing the sampling rate
py-spy> 155.67s behind in sampling, results may be inaccurate. Try reducing the sampling rate
py-spy> 155.92s behind in sampling, results may be inaccurate. Try reducing the sampling rate
py-spy> 156.13s behind in sampling, results may be inaccurate. Try reducing the sampling rate
py-spy> 156.15s behind in sampling, results may be inaccurate. Try reducing the sampling rate
py-spy> 156.39s behind in sampling, results may be inaccurate. Try reducing the sampling rate
py-spy> 156.38s behind in sampling, results may be inaccurate. Try reducing the sampling rate
py-spy> 156.61s behind in sampling, results may be inaccurate. Try reducing the sampling rate
py-spy> 156.72s behind in sampling, results may be inaccurate. Try reducing the sampling rate
py-spy> 156.88s behind in sampling, results may be inaccurate. Try reducing the sampling rate
py-spy> 157.05s behind in sampling, results may be inaccurate. Try reducing the sampling rate
py-spy> 157.18s behind in sampling, results may be inaccurate. Try reducing the sampling rate
py-spy> 157.42s behind in sampling, results may be inaccurate. Try reducing the sampling rate
py-spy> 157.40s behind in sampling, results may be inaccurate. Try reducing the sampling rate
py-spy> 157.62s behind in sampling, results may be inaccurate. Try reducing the sampling rate
py-spy> 157.96s behind in sampling, results may be inaccurate. Try reducing the sampling rate
py-spy> 158.21s behind in sampling, results may be inaccurate. Try reducing the sampling rate
py-spy> 158.42s behind in sampling, results may be inaccurate. Try reducing the sampling rate
py-spy> 158.49s behind in sampling, results may be inaccurate. Try reducing the sampling rate
py-spy> 158.69s behind in sampling, results may be inaccurate. Try reducing the sampling rate
py-spy> 158.93s behind in sampling, results may be inaccurate. Try reducing the sampling rate
py-spy> 159.14s behind in sampling, results may be inaccurate. Try reducing the sampling rate
py-spy> 159.40s behind in sampling, results may be inaccurate. Try reducing the sampling rate
py-spy> 159.56s behind in sampling, results may be inaccurate. Try reducing the sampling rate
py-spy> 159.83s behind in sampling, results may be inaccurate. Try reducing the sampling rate
py-spy> 159.95s behind in sampling, results may be inaccurate. Try reducing the sampling rate
py-spy> 160.09s behind in sampling, results may be inaccurate. Try reducing the sampling rate
py-spy> 160.37s behind in sampling, results may be inaccurate. Try reducing the sampling rate
py-spy> 160.59s behind in sampling, results may be inaccurate. Try reducing the sampling rate
py-spy> 160.70s behind in sampling, results may be inaccurate. Try reducing the sampling rate
py-spy> 160.74s behind in sampling, results may be inaccurate. Try reducing the sampling rate
py-spy> 160.80s behind in sampling, results may be inaccurate. Try reducing the sampling rate
py-spy> 160.94s behind in sampling, results may be inaccurate. Try reducing the sampling rate
py-spy> 161.24s behind in sampling, results may be inaccurate. Try reducing the sampling rate
py-spy> 161.39s behind in sampling, results may be inaccurate. Try reducing the sampling rate
py-spy> 161.46s behind in sampling, results may be inaccurate. Try reducing the sampling rate
py-spy> 161.67s behind in sampling, results may be inaccurate. Try reducing the sampling rate
py-spy> 161.98s behind in sampling, results may be inaccurate. Try reducing the sampling rate
py-spy> 162.19s behind in sampling, results may be inaccurate. Try reducing the sampling rate
py-spy> 162.42s behind in sampling, results may be inaccurate. Try reducing the sampling rate
py-spy> 162.65s behind in sampling, results may be inaccurate. Try reducing the sampling rate
py-spy> 162.78s behind in sampling, results may be inaccurate. Try reducing the sampling rate
py-spy> 162.93s behind in sampling, results may be inaccurate. Try reducing the sampling rate
py-spy> 163.14s behind in sampling, results may be inaccurate. Try reducing the sampling rate
py-spy> 163.29s behind in sampling, results may be inaccurate. Try reducing the sampling rate
py-spy> 163.46s behind in sampling, results may be inaccurate. Try reducing the sampling rate
py-spy> 163.61s behind in sampling, results may be inaccurate. Try reducing the sampling rate
py-spy> 163.88s behind in sampling, results may be inaccurate. Try reducing the sampling rate
py-spy> 164.09s behind in sampling, results may be inaccurate. Try reducing the sampling rate
py-spy> 164.23s behind in sampling, results may be inaccurate. Try reducing the sampling rate
py-spy> 164.45s behind in sampling, results may be inaccurate. Try reducing the sampling rate
py-spy> 164.63s behind in sampling, results may be inaccurate. Try reducing the sampling rate
py-spy> 164.97s behind in sampling, results may be inaccurate. Try reducing the sampling rate
py-spy> 165.14s behind in sampling, results may be inaccurate. Try reducing the sampling rate
py-spy> 165.34s behind in sampling, results may be inaccurate. Try reducing the sampling rate
py-spy> 165.55s behind in sampling, results may be inaccurate. Try reducing the sampling rate
py-spy> 165.67s behind in sampling, results may be inaccurate. Try reducing the sampling rate
py-spy> 165.86s behind in sampling, results may be inaccurate. Try reducing the sampling rate
py-spy> 166.06s behind in sampling, results may be inaccurate. Try reducing the sampling rate
py-spy> 166.30s behind in sampling, results may be inaccurate. Try reducing the sampling rate
py-spy> 166.48s behind in sampling, results may be inaccurate. Try reducing the sampling rate
py-spy> 166.77s behind in sampling, results may be inaccurate. Try reducing the sampling rate
py-spy> 167.06s behind in sampling, results may be inaccurate. Try reducing the sampling rate
py-spy> 167.42s behind in sampling, results may be inaccurate. Try reducing the sampling rate
py-spy> 167.52s behind in sampling, results may be inaccurate. Try reducing the sampling rate
py-spy> 167.70s behind in sampling, results may be inaccurate. Try reducing the sampling rate
py-spy> 167.89s behind in sampling, results may be inaccurate. Try reducing the sampling rate
py-spy> 168.24s behind in sampling, results may be inaccurate. Try reducing the sampling rate
py-spy> 168.56s behind in sampling, results may be inaccurate. Try reducing the sampling rate
py-spy> 168.72s behind in sampling, results may be inaccurate. Try reducing the sampling rate
py-spy> 169.00s behind in sampling, results may be inaccurate. Try reducing the sampling rate
py-spy> 169.07s behind in sampling, results may be inaccurate. Try reducing the sampling rate
py-spy> 169.24s behind in sampling, results may be inaccurate. Try reducing the sampling rate
py-spy> 169.32s behind in sampling, results may be inaccurate. Try reducing the sampling rate
py-spy> 169.37s behind in sampling, results may be inaccurate. Try reducing the sampling rate
py-spy> 169.59s behind in sampling, results may be inaccurate. Try reducing the sampling rate
py-spy> 169.56s behind in sampling, results may be inaccurate. Try reducing the sampling rate
py-spy> 169.63s behind in sampling, results may be inaccurate. Try reducing the sampling rate
py-spy> 169.70s behind in sampling, results may be inaccurate. Try reducing the sampling rate
py-spy> 169.91s behind in sampling, results may be inaccurate. Try reducing the sampling rate
py-spy> 170.18s behind in sampling, results may be inaccurate. Try reducing the sampling rate
py-spy> 170.38s behind in sampling, results may be inaccurate. Try reducing the sampling rate
py-spy> 170.51s behind in sampling, results may be inaccurate. Try reducing the sampling rate
py-spy> 170.59s behind in sampling, results may be inaccurate. Try reducing the sampling rate
py-spy> 170.77s behind in sampling, results may be inaccurate. Try reducing the sampling rate
py-spy> 170.94s behind in sampling, results may be inaccurate. Try reducing the sampling rate
py-spy> 171.08s behind in sampling, results may be inaccurate. Try reducing the sampling rate
py-spy> 171.33s behind in sampling, results may be inaccurate. Try reducing the sampling rate
py-spy> 171.54s behind in sampling, results may be inaccurate. Try reducing the sampling rate
py-spy> 171.77s behind in sampling, results may be inaccurate. Try reducing the sampling rate
py-spy> 171.96s behind in sampling, results may be inaccurate. Try reducing the sampling rate
py-spy> 172.11s behind in sampling, results may be inaccurate. Try reducing the sampling rate
py-spy> 172.38s behind in sampling, results may be inaccurate. Try reducing the sampling rate
py-spy> 172.55s behind in sampling, results may be inaccurate. Try reducing the sampling rate
py-spy> 172.83s behind in sampling, results may be inaccurate. Try reducing the sampling rate
py-spy> 172.90s behind in sampling, results may be inaccurate. Try reducing the sampling rate
py-spy> 173.24s behind in sampling, results may be inaccurate. Try reducing the sampling rate
py-spy> 173.43s behind in sampling, results may be inaccurate. Try reducing the sampling rate
py-spy> 173.64s behind in sampling, results may be inaccurate. Try reducing the sampling rate
py-spy> 173.84s behind in sampling, results may be inaccurate. Try reducing the sampling rate
py-spy> 173.95s behind in sampling, results may be inaccurate. Try reducing the sampling rate
py-spy> 174.13s behind in sampling, results may be inaccurate. Try reducing the sampling rate
py-spy> 174.35s behind in sampling, results may be inaccurate. Try reducing the sampling rate
py-spy> 174.56s behind in sampling, results may be inaccurate. Try reducing the sampling rate
py-spy> 174.71s behind in sampling, results may be inaccurate. Try reducing the sampling rate
py-spy> 174.94s behind in sampling, results may be inaccurate. Try reducing the sampling rate
py-spy> 175.08s behind in sampling, results may be inaccurate. Try reducing the sampling rate
py-spy> 175.39s behind in sampling, results may be inaccurate. Try reducing the sampling rate
py-spy> 175.65s behind in sampling, results may be inaccurate. Try reducing the sampling rate
py-spy> 175.82s behind in sampling, results may be inaccurate. Try reducing the sampling rate
py-spy> 176.07s behind in sampling, results may be inaccurate. Try reducing the sampling rate
py-spy> 176.42s behind in sampling, results may be inaccurate. Try reducing the sampling rate
py-spy> 176.56s behind in sampling, results may be inaccurate. Try reducing the sampling rate
py-spy> 176.68s behind in sampling, results may be inaccurate. Try reducing the sampling rate
py-spy> 176.86s behind in sampling, results may be inaccurate. Try reducing the sampling rate
py-spy> 177.18s behind in sampling, results may be inaccurate. Try reducing the sampling rate
py-spy> 177.44s behind in sampling, results may be inaccurate. Try reducing the sampling rate
py-spy> 177.65s behind in sampling, results may be inaccurate. Try reducing the sampling rate
py-spy> 177.82s behind in sampling, results may be inaccurate. Try reducing the sampling rate
py-spy> 178.00s behind in sampling, results may be inaccurate. Try reducing the sampling rate
py-spy> 178.24s behind in sampling, results may be inaccurate. Try reducing the sampling rate
py-spy> 178.44s behind in sampling, results may be inaccurate. Try reducing the sampling rate
py-spy> 178.72s behind in sampling, results may be inaccurate. Try reducing the sampling rate
py-spy> 178.87s behind in sampling, results may be inaccurate. Try reducing the sampling rate
py-spy> 179.07s behind in sampling, results may be inaccurate. Try reducing the sampling rate
py-spy> 179.23s behind in sampling, results may be inaccurate. Try reducing the sampling rate
py-spy> 179.46s behind in sampling, results may be inaccurate. Try reducing the sampling rate
py-spy> 179.83s behind in sampling, results may be inaccurate. Try reducing the sampling rate
py-spy> 180.09s behind in sampling, results may be inaccurate. Try reducing the sampling rate
py-spy> 180.31s behind in sampling, results may be inaccurate. Try reducing the sampling rate
py-spy> 180.51s behind in sampling, results may be inaccurate. Try reducing the sampling rate
py-spy> 180.74s behind in sampling, results may be inaccurate. Try reducing the sampling rate
py-spy> 180.97s behind in sampling, results may be inaccurate. Try reducing the sampling rate
py-spy> 181.08s behind in sampling, results may be inaccurate. Try reducing the sampling rate
py-spy> 181.37s behind in sampling, results may be inaccurate. Try reducing the sampling rate
py-spy> 181.55s behind in sampling, results may be inaccurate. Try reducing the sampling rate
py-spy> 181.76s behind in sampling, results may be inaccurate. Try reducing the sampling rate
py-spy> 182.00s behind in sampling, results may be inaccurate. Try reducing the sampling rate
py-spy> 182.15s behind in sampling, results may be inaccurate. Try reducing the sampling rate
py-spy> 182.40s behind in sampling, results may be inaccurate. Try reducing the sampling rate
py-spy> 182.68s behind in sampling, results may be inaccurate. Try reducing the sampling rate
py-spy> 182.84s behind in sampling, results may be inaccurate. Try reducing the sampling rate
py-spy> 183.02s behind in sampling, results may be inaccurate. Try reducing the sampling rate
py-spy> 183.31s behind in sampling, results may be inaccurate. Try reducing the sampling rate
py-spy> 183.52s behind in sampling, results may be inaccurate. Try reducing the sampling rate
py-spy> 183.76s behind in sampling, results may be inaccurate. Try reducing the sampling rate
py-spy> 184.00s behind in sampling, results may be inaccurate. Try reducing the sampling rate
py-spy> 184.38s behind in sampling, results may be inaccurate. Try reducing the sampling rate
py-spy> 184.55s behind in sampling, results may be inaccurate. Try reducing the sampling rate
py-spy> 184.75s behind in sampling, results may be inaccurate. Try reducing the sampling rate
py-spy> 184.89s behind in sampling, results may be inaccurate. Try reducing the sampling rate
py-spy> 185.02s behind in sampling, results may be inaccurate. Try reducing the sampling rate
py-spy> 185.26s behind in sampling, results may be inaccurate. Try reducing the sampling rate
py-spy> 185.38s behind in sampling, results may be inaccurate. Try reducing the sampling rate
py-spy> 185.49s behind in sampling, results may be inaccurate. Try reducing the sampling rate
py-spy> 185.81s behind in sampling, results may be inaccurate. Try reducing the sampling rate
py-spy> 185.94s behind in sampling, results may be inaccurate. Try reducing the sampling rate
py-spy> 186.04s behind in sampling, results may be inaccurate. Try reducing the sampling rate
py-spy> 186.25s behind in sampling, results may be inaccurate. Try reducing the sampling rate
py-spy> 186.46s behind in sampling, results may be inaccurate. Try reducing the sampling rate
py-spy> 186.67s behind in sampling, results may be inaccurate. Try reducing the sampling rate
py-spy> 186.92s behind in sampling, results may be inaccurate. Try reducing the sampling rate
py-spy> 186.94s behind in sampling, results may be inaccurate. Try reducing the sampling rate
py-spy> 186.99s behind in sampling, results may be inaccurate. Try reducing the sampling rate
py-spy> 187.08s behind in sampling, results may be inaccurate. Try reducing the sampling rate
py-spy> 187.26s behind in sampling, results may be inaccurate. Try reducing the sampling rate
py-spy> 187.38s behind in sampling, results may be inaccurate. Try reducing the sampling rate
py-spy> 187.62s behind in sampling, results may be inaccurate. Try reducing the sampling rate
py-spy> 187.71s behind in sampling, results may be inaccurate. Try reducing the sampling rate
py-spy> 187.88s behind in sampling, results may be inaccurate. Try reducing the sampling rate
py-spy> 188.01s behind in sampling, results may be inaccurate. Try reducing the sampling rate
py-spy> 188.17s behind in sampling, results may be inaccurate. Try reducing the sampling rate
py-spy> 188.42s behind in sampling, results may be inaccurate. Try reducing the sampling rate
py-spy> 188.45s behind in sampling, results may be inaccurate. Try reducing the sampling rate
py-spy> 188.63s behind in sampling, results may be inaccurate. Try reducing the sampling rate
py-spy> 188.61s behind in sampling, results may be inaccurate. Try reducing the sampling rate
py-spy> 188.70s behind in sampling, results may be inaccurate. Try reducing the sampling rate
py-spy> 188.82s behind in sampling, results may be inaccurate. Try reducing the sampling rate
py-spy> 188.99s behind in sampling, results may be inaccurate. Try reducing the sampling rate
py-spy> 189.25s behind in sampling, results may be inaccurate. Try reducing the sampling rate
py-spy> 189.45s behind in sampling, results may be inaccurate. Try reducing the sampling rate
py-spy> 189.57s behind in sampling, results may be inaccurate. Try reducing the sampling rate
py-spy> 189.77s behind in sampling, results may be inaccurate. Try reducing the sampling rate
py-spy> 190.08s behind in sampling, results may be inaccurate. Try reducing the sampling rate
py-spy> 190.26s behind in sampling, results may be inaccurate. Try reducing the sampling rate
py-spy> 190.40s behind in sampling, results may be inaccurate. Try reducing the sampling rate
py-spy> 190.62s behind in sampling, results may be inaccurate. Try reducing the sampling rate
py-spy> 190.91s behind in sampling, results may be inaccurate. Try reducing the sampling rate
py-spy> 191.10s behind in sampling, results may be inaccurate. Try reducing the sampling rate
py-spy> 191.39s behind in sampling, results may be inaccurate. Try reducing the sampling rate
py-spy> 191.71s behind in sampling, results may be inaccurate. Try reducing the sampling rate
py-spy> 191.99s behind in sampling, results may be inaccurate. Try reducing the sampling rate
py-spy> 192.11s behind in sampling, results may be inaccurate. Try reducing the sampling rate
py-spy> 192.36s behind in sampling, results may be inaccurate. Try reducing the sampling rate
py-spy> 192.58s behind in sampling, results may be inaccurate. Try reducing the sampling rate
py-spy> 192.81s behind in sampling, results may be inaccurate. Try reducing the sampling rate
py-spy> 193.07s behind in sampling, results may be inaccurate. Try reducing the sampling rate
py-spy> 193.26s behind in sampling, results may be inaccurate. Try reducing the sampling rate
py-spy> 193.66s behind in sampling, results may be inaccurate. Try reducing the sampling rate
py-spy> 193.79s behind in sampling, results may be inaccurate. Try reducing the sampling rate
py-spy> 193.91s behind in sampling, results may be inaccurate. Try reducing the sampling rate
py-spy> 194.22s behind in sampling, results may be inaccurate. Try reducing the sampling rate
py-spy> 194.50s behind in sampling, results may be inaccurate. Try reducing the sampling rate
py-spy> 194.74s behind in sampling, results may be inaccurate. Try reducing the sampling rate
py-spy> 194.78s behind in sampling, results may be inaccurate. Try reducing the sampling rate
py-spy> 195.11s behind in sampling, results may be inaccurate. Try reducing the sampling rate
py-spy> 195.40s behind in sampling, results may be inaccurate. Try reducing the sampling rate
py-spy> 195.48s behind in sampling, results may be inaccurate. Try reducing the sampling rate
py-spy> 195.77s behind in sampling, results may be inaccurate. Try reducing the sampling rate
py-spy> 196.10s behind in sampling, results may be inaccurate. Try reducing the sampling rate
py-spy> 196.23s behind in sampling, results may be inaccurate. Try reducing the sampling rate
py-spy> 196.44s behind in sampling, results may be inaccurate. Try reducing the sampling rate
py-spy> 196.64s behind in sampling, results may be inaccurate. Try reducing the sampling rate
py-spy> 196.68s behind in sampling, results may be inaccurate. Try reducing the sampling rate
py-spy> 196.88s behind in sampling, results may be inaccurate. Try reducing the sampling rate
py-spy> 196.93s behind in sampling, results may be inaccurate. Try reducing the sampling rate
py-spy> 197.22s behind in sampling, results may be inaccurate. Try reducing the sampling rate
py-spy> 197.47s behind in sampling, results may be inaccurate. Try reducing the sampling rate
py-spy> 197.58s behind in sampling, results may be inaccurate. Try reducing the sampling rate
py-spy> 197.69s behind in sampling, results may be inaccurate. Try reducing the sampling rate
py-spy> 197.89s behind in sampling, results may be inaccurate. Try reducing the sampling rate
py-spy> 198.00s behind in sampling, results may be inaccurate. Try reducing the sampling rate
py-spy> 198.30s behind in sampling, results may be inaccurate. Try reducing the sampling rate
py-spy> 198.60s behind in sampling, results may be inaccurate. Try reducing the sampling rate
py-spy> 198.76s behind in sampling, results may be inaccurate. Try reducing the sampling rate
py-spy> 198.79s behind in sampling, results may be inaccurate. Try reducing the sampling rate
py-spy> 199.19s behind in sampling, results may be inaccurate. Try reducing the sampling rate
py-spy> 199.30s behind in sampling, results may be inaccurate. Try reducing the sampling rate
py-spy> 199.39s behind in sampling, results may be inaccurate. Try reducing the sampling rate
py-spy> 199.64s behind in sampling, results may be inaccurate. Try reducing the sampling rate
py-spy> 199.87s behind in sampling, results may be inaccurate. Try reducing the sampling rate
py-spy> 200.14s behind in sampling, results may be inaccurate. Try reducing the sampling rate
py-spy> 200.12s behind in sampling, results may be inaccurate. Try reducing the sampling rate
py-spy> 200.21s behind in sampling, results may be inaccurate. Try reducing the sampling rate
py-spy> 200.24s behind in sampling, results may be inaccurate. Try reducing the sampling rate
py-spy> 200.43s behind in sampling, results may be inaccurate. Try reducing the sampling rate
py-spy> 200.66s behind in sampling, results may be inaccurate. Try reducing the sampling rate
py-spy> 200.83s behind in sampling, results may be inaccurate. Try reducing the sampling rate
py-spy> 201.08s behind in sampling, results may be inaccurate. Try reducing the sampling rate
py-spy> 201.21s behind in sampling, results may be inaccurate. Try reducing the sampling rate
py-spy> 201.39s behind in sampling, results may be inaccurate. Try reducing the sampling rate
py-spy> 201.44s behind in sampling, results may be inaccurate. Try reducing the sampling rate
py-spy> 201.68s behind in sampling, results may be inaccurate. Try reducing the sampling rate
py-spy> 201.97s behind in sampling, results may be inaccurate. Try reducing the sampling rate
py-spy> 202.40s behind in sampling, results may be inaccurate. Try reducing the sampling rate
py-spy> 202.71s behind in sampling, results may be inaccurate. Try reducing the sampling rate
py-spy> 202.85s behind in sampling, results may be inaccurate. Try reducing the sampling rate
py-spy> 202.97s behind in sampling, results may be inaccurate. Try reducing the sampling rate
py-spy> 203.26s behind in sampling, results may be inaccurate. Try reducing the sampling rate
py-spy> 203.37s behind in sampling, results may be inaccurate. Try reducing the sampling rate
py-spy> 203.60s behind in sampling, results may be inaccurate. Try reducing the sampling rate
py-spy> 203.73s behind in sampling, results may be inaccurate. Try reducing the sampling rate
py-spy> 203.78s behind in sampling, results may be inaccurate. Try reducing the sampling rate
py-spy> 204.03s behind in sampling, results may be inaccurate. Try reducing the sampling rate
py-spy> 204.29s behind in sampling, results may be inaccurate. Try reducing the sampling rate
py-spy> 204.35s behind in sampling, results may be inaccurate. Try reducing the sampling rate
py-spy> 204.54s behind in sampling, results may be inaccurate. Try reducing the sampling rate
py-spy> 204.56s behind in sampling, results may be inaccurate. Try reducing the sampling rate
py-spy> 204.80s behind in sampling, results may be inaccurate. Try reducing the sampling rate
py-spy> 205.00s behind in sampling, results may be inaccurate. Try reducing the sampling rate
py-spy> 205.18s behind in sampling, results may be inaccurate. Try reducing the sampling rate
py-spy> 205.38s behind in sampling, results may be inaccurate. Try reducing the sampling rate
py-spy> 205.60s behind in sampling, results may be inaccurate. Try reducing the sampling rate
py-spy> 205.69s behind in sampling, results may be inaccurate. Try reducing the sampling rate
py-spy> 205.94s behind in sampling, results may be inaccurate. Try reducing the sampling rate
py-spy> 206.16s behind in sampling, results may be inaccurate. Try reducing the sampling rate
py-spy> 206.41s behind in sampling, results may be inaccurate. Try reducing the sampling rate
py-spy> 206.67s behind in sampling, results may be inaccurate. Try reducing the sampling rate
py-spy> 206.80s behind in sampling, results may be inaccurate. Try reducing the sampling rate
py-spy> 206.80s behind in sampling, results may be inaccurate. Try reducing the sampling rate
py-spy> 207.02s behind in sampling, results may be inaccurate. Try reducing the sampling rate
py-spy> 207.23s behind in sampling, results may be inaccurate. Try reducing the sampling rate
py-spy> 207.30s behind in sampling, results may be inaccurate. Try reducing the sampling rate
py-spy> 207.49s behind in sampling, results may be inaccurate. Try reducing the sampling rate
py-spy> 207.66s behind in sampling, results may be inaccurate. Try reducing the sampling rate
py-spy> 207.68s behind in sampling, results may be inaccurate. Try reducing the sampling rate
py-spy> 207.86s behind in sampling, results may be inaccurate. Try reducing the sampling rate
py-spy> 208.01s behind in sampling, results may be inaccurate. Try reducing the sampling rate
py-spy> 208.18s behind in sampling, results may be inaccurate. Try reducing the sampling rate
py-spy> 208.28s behind in sampling, results may be inaccurate. Try reducing the sampling rate
py-spy> 208.42s behind in sampling, results may be inaccurate. Try reducing the sampling rate
py-spy> 208.64s behind in sampling, results may be inaccurate. Try reducing the sampling rate
py-spy> 208.76s behind in sampling, results may be inaccurate. Try reducing the sampling rate
py-spy> 209.03s behind in sampling, results may be inaccurate. Try reducing the sampling rate
py-spy> 209.22s behind in sampling, results may be inaccurate. Try reducing the sampling rate
py-spy> 209.37s behind in sampling, results may be inaccurate. Try reducing the sampling rate
py-spy> 209.58s behind in sampling, results may be inaccurate. Try reducing the sampling rate
py-spy> 209.97s behind in sampling, results may be inaccurate. Try reducing the sampling rate
py-spy> 210.09s behind in sampling, results may be inaccurate. Try reducing the sampling rate
py-spy> 210.18s behind in sampling, results may be inaccurate. Try reducing the sampling rate
py-spy> 210.29s behind in sampling, results may be inaccurate. Try reducing the sampling rate
py-spy> 210.67s behind in sampling, results may be inaccurate. Try reducing the sampling rate
py-spy> 210.80s behind in sampling, results may be inaccurate. Try reducing the sampling rate
py-spy> 210.92s behind in sampling, results may be inaccurate. Try reducing the sampling rate
py-spy> 211.13s behind in sampling, results may be inaccurate. Try reducing the sampling rate
py-spy> 211.28s behind in sampling, results may be inaccurate. Try reducing the sampling rate
py-spy> 211.51s behind in sampling, results may be inaccurate. Try reducing the sampling rate
py-spy> 211.66s behind in sampling, results may be inaccurate. Try reducing the sampling rate
py-spy> 211.70s behind in sampling, results may be inaccurate. Try reducing the sampling rate
py-spy> 211.81s behind in sampling, results may be inaccurate. Try reducing the sampling rate
py-spy> 211.96s behind in sampling, results may be inaccurate. Try reducing the sampling rate
py-spy> 212.09s behind in sampling, results may be inaccurate. Try reducing the sampling rate
py-spy> 212.25s behind in sampling, results may be inaccurate. Try reducing the sampling rate
py-spy> 212.43s behind in sampling, results may be inaccurate. Try reducing the sampling rate
py-spy> 212.63s behind in sampling, results may be inaccurate. Try reducing the sampling rate
py-spy> 212.85s behind in sampling, results may be inaccurate. Try reducing the sampling rate
py-spy> 213.07s behind in sampling, results may be inaccurate. Try reducing the sampling rate
py-spy> 213.08s behind in sampling, results may be inaccurate. Try reducing the sampling rate
py-spy> 213.17s behind in sampling, results may be inaccurate. Try reducing the sampling rate
py-spy> 213.15s behind in sampling, results may be inaccurate. Try reducing the sampling rate
py-spy> 213.22s behind in sampling, results may be inaccurate. Try reducing the sampling rate
py-spy> 213.35s behind in sampling, results may be inaccurate. Try reducing the sampling rate
py-spy> 213.56s behind in sampling, results may be inaccurate. Try reducing the sampling rate
py-spy> 213.74s behind in sampling, results may be inaccurate. Try reducing the sampling rate
py-spy> 213.73s behind in sampling, results may be inaccurate. Try reducing the sampling rate
py-spy> 214.01s behind in sampling, results may be inaccurate. Try reducing the sampling rate
py-spy> 214.15s behind in sampling, results may be inaccurate. Try reducing the sampling rate
py-spy> 214.45s behind in sampling, results may be inaccurate. Try reducing the sampling rate
py-spy> 214.59s behind in sampling, results may be inaccurate. Try reducing the sampling rate
py-spy> 214.90s behind in sampling, results may be inaccurate. Try reducing the sampling rate
py-spy> 214.96s behind in sampling, results may be inaccurate. Try reducing the sampling rate
py-spy> 215.18s behind in sampling, results may be inaccurate. Try reducing the sampling rate
py-spy> 215.46s behind in sampling, results may be inaccurate. Try reducing the sampling rate
py-spy> 215.54s behind in sampling, results may be inaccurate. Try reducing the sampling rate
py-spy> 215.69s behind in sampling, results may be inaccurate. Try reducing the sampling rate
py-spy> 215.80s behind in sampling, results may be inaccurate. Try reducing the sampling rate
py-spy> 216.06s behind in sampling, results may be inaccurate. Try reducing the sampling rate
py-spy> 216.20s behind in sampling, results may be inaccurate. Try reducing the sampling rate
py-spy> 216.43s behind in sampling, results may be inaccurate. Try reducing the sampling rate
py-spy> 216.76s behind in sampling, results may be inaccurate. Try reducing the sampling rate
py-spy> 216.93s behind in sampling, results may be inaccurate. Try reducing the sampling rate
py-spy> 216.93s behind in sampling, results may be inaccurate. Try reducing the sampling rate
py-spy> 217.17s behind in sampling, results may be inaccurate. Try reducing the sampling rate
py-spy> 217.26s behind in sampling, results may be inaccurate. Try reducing the sampling rate
py-spy> 217.42s behind in sampling, results may be inaccurate. Try reducing the sampling rate
py-spy> 217.65s behind in sampling, results may be inaccurate. Try reducing the sampling rate
py-spy> 217.89s behind in sampling, results may be inaccurate. Try reducing the sampling rate
py-spy> 218.13s behind in sampling, results may be inaccurate. Try reducing the sampling rate
py-spy> 218.17s behind in sampling, results may be inaccurate. Try reducing the sampling rate
py-spy> 218.34s behind in sampling, results may be inaccurate. Try reducing the sampling rate
py-spy> 218.54s behind in sampling, results may be inaccurate. Try reducing the sampling rate
py-spy> 218.70s behind in sampling, results may be inaccurate. Try reducing the sampling rate
py-spy> 218.84s behind in sampling, results may be inaccurate. Try reducing the sampling rate
py-spy> 218.83s behind in sampling, results may be inaccurate. Try reducing the sampling rate
py-spy> 218.90s behind in sampling, results may be inaccurate. Try reducing the sampling rate
py-spy> 219.08s behind in sampling, results may be inaccurate. Try reducing the sampling rate
py-spy> 219.19s behind in sampling, results may be inaccurate. Try reducing the sampling rate
py-spy> 219.32s behind in sampling, results may be inaccurate. Try reducing the sampling rate
py-spy> 219.36s behind in sampling, results may be inaccurate. Try reducing the sampling rate
py-spy> 219.54s behind in sampling, results may be inaccurate. Try reducing the sampling rate
py-spy> 219.78s behind in sampling, results may be inaccurate. Try reducing the sampling rate
py-spy> 219.98s behind in sampling, results may be inaccurate. Try reducing the sampling rate
py-spy> 220.15s behind in sampling, results may be inaccurate. Try reducing the sampling rate
py-spy> 220.31s behind in sampling, results may be inaccurate. Try reducing the sampling rate
py-spy> 220.34s behind in sampling, results may be inaccurate. Try reducing the sampling rate
py-spy> 220.56s behind in sampling, results may be inaccurate. Try reducing the sampling rate
py-spy> 220.82s behind in sampling, results may be inaccurate. Try reducing the sampling rate
py-spy> 221.00s behind in sampling, results may be inaccurate. Try reducing the sampling rate
py-spy> 221.10s behind in sampling, results may be inaccurate. Try reducing the sampling rate
py-spy> 221.28s behind in sampling, results may be inaccurate. Try reducing the sampling rate
py-spy> 221.53s behind in sampling, results may be inaccurate. Try reducing the sampling rate
py-spy> 221.59s behind in sampling, results may be inaccurate. Try reducing the sampling rate
py-spy> 221.75s behind in sampling, results may be inaccurate. Try reducing the sampling rate
py-spy> 221.99s behind in sampling, results may be inaccurate. Try reducing the sampling rate
py-spy> 222.18s behind in sampling, results may be inaccurate. Try reducing the sampling rate
py-spy> 222.20s behind in sampling, results may be inaccurate. Try reducing the sampling rate
py-spy> 222.26s behind in sampling, results may be inaccurate. Try reducing the sampling rate
py-spy> 222.45s behind in sampling, results may be inaccurate. Try reducing the sampling rate
py-spy> 222.58s behind in sampling, results may be inaccurate. Try reducing the sampling rate
py-spy> 222.80s behind in sampling, results may be inaccurate. Try reducing the sampling rate
py-spy> 222.95s behind in sampling, results may be inaccurate. Try reducing the sampling rate
py-spy> 223.21s behind in sampling, results may be inaccurate. Try reducing the sampling rate
py-spy> 223.28s behind in sampling, results may be inaccurate. Try reducing the sampling rate
py-spy> 223.58s behind in sampling, results may be inaccurate. Try reducing the sampling rate
py-spy> 223.87s behind in sampling, results may be inaccurate. Try reducing the sampling rate
py-spy> 224.17s behind in sampling, results may be inaccurate. Try reducing the sampling rate
py-spy> 224.36s behind in sampling, results may be inaccurate. Try reducing the sampling rate
py-spy> 224.57s behind in sampling, results may be inaccurate. Try reducing the sampling rate
py-spy> 224.91s behind in sampling, results may be inaccurate. Try reducing the sampling rate
py-spy> 225.21s behind in sampling, results may be inaccurate. Try reducing the sampling rate
py-spy> 225.31s behind in sampling, results may be inaccurate. Try reducing the sampling rate
py-spy> 225.31s behind in sampling, results may be inaccurate. Try reducing the sampling rate
py-spy> 225.37s behind in sampling, results may be inaccurate. Try reducing the sampling rate
py-spy> 225.42s behind in sampling, results may be inaccurate. Try reducing the sampling rate
py-spy> 225.57s behind in sampling, results may be inaccurate. Try reducing the sampling rate
py-spy> 225.77s behind in sampling, results may be inaccurate. Try reducing the sampling rate
py-spy> 225.86s behind in sampling, results may be inaccurate. Try reducing the sampling rate
py-spy> 225.99s behind in sampling, results may be inaccurate. Try reducing the sampling rate
py-spy> 226.10s behind in sampling, results may be inaccurate. Try reducing the sampling rate
py-spy> 226.44s behind in sampling, results may be inaccurate. Try reducing the sampling rate
py-spy> 226.56s behind in sampling, results may be inaccurate. Try reducing the sampling rate
py-spy> 226.76s behind in sampling, results may be inaccurate. Try reducing the sampling rate
py-spy> 227.10s behind in sampling, results may be inaccurate. Try reducing the sampling rate
py-spy> 227.20s behind in sampling, results may be inaccurate. Try reducing the sampling rate
py-spy> 227.47s behind in sampling, results may be inaccurate. Try reducing the sampling rate
py-spy> 227.73s behind in sampling, results may be inaccurate. Try reducing the sampling rate
py-spy> 227.95s behind in sampling, results may be inaccurate. Try reducing the sampling rate
py-spy> 228.18s behind in sampling, results may be inaccurate. Try reducing the sampling rate
py-spy> 228.38s behind in sampling, results may be inaccurate. Try reducing the sampling rate
py-spy> 228.59s behind in sampling, results may be inaccurate. Try reducing the sampling rate
py-spy> 228.69s behind in sampling, results may be inaccurate. Try reducing the sampling rate
py-spy> 228.83s behind in sampling, results may be inaccurate. Try reducing the sampling rate
py-spy> 229.05s behind in sampling, results may be inaccurate. Try reducing the sampling rate
py-spy> 229.09s behind in sampling, results may be inaccurate. Try reducing the sampling rate
py-spy> 229.18s behind in sampling, results may be inaccurate. Try reducing the sampling rate
py-spy> 229.30s behind in sampling, results may be inaccurate. Try reducing the sampling rate
py-spy> 229.58s behind in sampling, results may be inaccurate. Try reducing the sampling rate
py-spy> 229.73s behind in sampling, results may be inaccurate. Try reducing the sampling rate
py-spy> 229.89s behind in sampling, results may be inaccurate. Try reducing the sampling rate
py-spy> 229.87s behind in sampling, results may be inaccurate. Try reducing the sampling rate
py-spy> 230.03s behind in sampling, results may be inaccurate. Try reducing the sampling rate
py-spy> 230.20s behind in sampling, results may be inaccurate. Try reducing the sampling rate
py-spy> 230.37s behind in sampling, results may be inaccurate. Try reducing the sampling rate
py-spy> 230.57s behind in sampling, results may be inaccurate. Try reducing the sampling rate
py-spy> 230.91s behind in sampling, results may be inaccurate. Try reducing the sampling rate
py-spy> 231.16s behind in sampling, results may be inaccurate. Try reducing the sampling rate
py-spy> 231.35s behind in sampling, results may be inaccurate. Try reducing the sampling rate
py-spy> 231.49s behind in sampling, results may be inaccurate. Try reducing the sampling rate
py-spy> 231.76s behind in sampling, results may be inaccurate. Try reducing the sampling rate
py-spy> 231.96s behind in sampling, results may be inaccurate. Try reducing the sampling rate
py-spy> 232.22s behind in sampling, results may be inaccurate. Try reducing the sampling rate
py-spy> 232.45s behind in sampling, results may be inaccurate. Try reducing the sampling rate
py-spy> 232.63s behind in sampling, results may be inaccurate. Try reducing the sampling rate
py-spy> 232.91s behind in sampling, results may be inaccurate. Try reducing the sampling rate
py-spy> 233.23s behind in sampling, results may be inaccurate. Try reducing the sampling rate
py-spy> 233.44s behind in sampling, results may be inaccurate. Try reducing the sampling rate
py-spy> 233.75s behind in sampling, results may be inaccurate. Try reducing the sampling rate
py-spy> 234.03s behind in sampling, results may be inaccurate. Try reducing the sampling rate
py-spy> 234.27s behind in sampling, results may be inaccurate. Try reducing the sampling rate
py-spy> 234.51s behind in sampling, results may be inaccurate. Try reducing the sampling rate
py-spy> 234.73s behind in sampling, results may be inaccurate. Try reducing the sampling rate
py-spy> 234.97s behind in sampling, results may be inaccurate. Try reducing the sampling rate
py-spy> 235.16s behind in sampling, results may be inaccurate. Try reducing the sampling rate
py-spy> 235.36s behind in sampling, results may be inaccurate. Try reducing the sampling rate
py-spy> 235.47s behind in sampling, results may be inaccurate. Try reducing the sampling rate
py-spy> 235.69s behind in sampling, results may be inaccurate. Try reducing the sampling rate
py-spy> 235.90s behind in sampling, results may be inaccurate. Try reducing the sampling rate
2026-09-04 20:22:13,673 actor_pool INFO iter 0: serve stages (2 threads): wait=1395.4s infer=1037.8s wire=62.4s put=11.4s leaves/batch=14.8 throughput=242 leaves/s
2026-09-04 20:22:13,673 actor_pool INFO iter 0: pool served 303728 forwards, 16 games, 9474 experiences, decision_step 2809659 -> 2819133
2026-09-04 20:22:13,673 actor_pool INFO iter 0: game finish times p50=500s p90=931s max=1252s | tokens/leaf=1210 pad_ratio=1.09
py-spy> 236.07s behind in sampling, results may be inaccurate. Try reducing the sampling rate
py-spy> 235.13s behind in sampling, results may be inaccurate. Try reducing the sampling rate
{
 "server_priors": true,
 "actors": 19,
 "games_requested": 16,
 "infer_bf16": true,
 "sims": 32,
 "leaf_batch": 16,
 "max_turns": 30,
 "max_batch": 16,
 "games_completed": 16,
 "decisive": 11,
 "abandoned": 0,
 "experiences": 9474,
 "gen_seconds": 1253.9814808131196,
 "wall_seconds": 1254.9370839400217,
 "forwards": 303728,
 "decisions": 9474,
 "leaves_per_s": 242.21091351608604,
 "tokens_per_leaf": 1209.6744982352632,
 "pad_ratio": 1.0876433856207903,
 "game_finish_p50_s": 499.85907750809565,
 "game_finish_max_s": 1251.8622672753409,
 "mean_turns": 22.4375,
 "k_median": 12,
 "games_per_hour": 45.93369270704893,
 "games_per_dollar": 139.19300820317855
}

py-spy> Stopped sampling because process exited
py-spy> Wrote raw flamegraph data to '/workspace/bench/prof_idle.txt'. Samples: 3843245 Errors: 810
py-spy> You can use the flamegraph.pl script from https://github.com/brendangregg/flamegraph to generate a SVG
