iter,rollout_seconds,train_step_seconds
0,15.511816750280559,14.607639682479203
1,17.766430241055787,20.649507224559784
2,16.510890395380557,19.15526392031461
